tramite_id,modulo,requisitos,completos,faltantes,cobertura_pct
TR-2023-001,M1,12,12,0,100
TR-2023-001,M2,1,1,0,100
TR-2023-001,M3,11,11,0,100
TR-2023-001,M5,3,3,0,100
TR-2023-002,M1,12,12,0,100
TR-2023-002,M2,1,1,0,100
TR-2023-002,M3,11,11,0,100
TR-2023-002,M5,3,3,0,100
TR-2023-003,M1,4,4,0,100
TR-2023-003,M3,4,4,0,100
TR-2023-003,M5,1,1,0,100
TR-2023-004,M1,4,4,0,100
TR-2023-004,M5,1,1,0,100
TR-2023-005,M1,11,11,0,100
TR-2023-005,M2,3,3,0,100
TR-2023-005,M3,12,12,0,100
TR-2023-005,M4,1,1,0,100
TR-2023-005,M5,3,3,0,100
TR-2023-006,M1,4,4,0,100
TR-2023-006,M3,4,4,0,100
TR-2023-007,M1,12,12,0,100
TR-2023-007,M2,1,1,0,100
TR-2023-007,M3,11,11,0,100
TR-2023-007,M5,3,3,0,100
TR-2023-008,M1,3,3,0,100
TR-2023-008,M3,2,2,0,100
TR-2023-008,M5,1,1,0,100
TR-2023-009,M1,4,4,0,100
TR-2023-009,M3,4,4,0,100
TR-2023-009,M5,1,1,0,100
TR-2023-010,M1,4,4,0,100
TR-2023-010,M3,3,3,0,100
TR-2023-011,M1,10,10,0,100
TR-2023-011,M3,1,1,0,100
TR-2024-001,M1,4,4,0,100
TR-2024-001,M3,4,4,0,100
TR-2024-002,M1,5,5,0,100
TR-2024-002,M3,3,3,0,100
TR-2024-002,M5,1,1,0,100
TR-2024-003,M1,3,3,0,100
TR-2024-003,M3,4,4,0,100
TR-2024-003,M5,1,1,0,100
TR-2024-004,M1,4,4,0,100
TR-2024-004,M3,3,3,0,100
TR-2024-004,M5,1,1,0,100
TR-2024-005,M1,4,4,0,100
TR-2024-005,M3,3,3,0,100
TR-2024-006,M1,5,5,0,100
TR-2024-006,M3,3,3,0,100
TR-2024-006,M5,1,1,0,100
TR-2024-007,M1,4,4,0,100
TR-2024-007,M3,2,2,0,100
TR-2024-008,M1,12,12,0,100
TR-2024-008,M2,1,1,0,100
TR-2024-008,M3,11,11,0,100
TR-2024-008,M5,3,3,0,100
TR-2024-009,M1,4,4,0,100
TR-2024-009,M3,1,1,0,100
TR-2024-010,M1,12,12,0,100
TR-2024-010,M2,1,1,0,100
TR-2024-010,M3,11,11,0,100
TR-2024-010,M5,3,3,0,100
TR-2024-011,M1,4,4,0,100
TR-2024-011,M3,2,2,0,100
TR-2024-012,M1,4,4,0,100
TR-2024-012,M3,4,4,0,100
TR-2024-012,M5,1,1,0,100
TR-2024-013,M1,5,5,0,100
TR-2024-013,M3,3,3,0,100
TR-2024-014,M1,12,12,0,100
TR-2024-014,M2,1,1,0,100
TR-2024-014,M3,11,11,0,100
TR-2024-014,M5,3,3,0,100
TR-2024-015,M1,3,3,0,100
TR-2024-015,M3,2,2,0,100
TR-2024-016,M1,4,4,0,100
TR-2024-016,M3,1,1,0,100
TR-2024-017,M1,3,3,0,100
TR-2024-017,M3,3,3,0,100
TR-2024-018,M1,5,5,0,100
TR-2024-018,M3,3,3,0,100
TR-2024-018,M5,1,1,0,100
TR-2024-019,M1,4,4,0,100
TR-2024-019,M3,3,3,0,100
TR-2024-019,M5,1,1,0,100
TR-2024-020,M1,12,12,0,100
TR-2024-020,M2,1,1,0,100
TR-2024-020,M3,11,11,0,100
TR-2024-020,M5,3,3,0,100
TR-2024-021,M1,4,4,0,100
TR-2024-021,M3,2,2,0,100
TR-2024-022,M1,3,3,0,100
TR-2024-022,M3,3,3,0,100
TR-2024-023,M1,4,4,0,100
TR-2024-023,M3,4,4,0,100
TR-2024-023,M5,1,1,0,100
TR-2024-024,M1,5,5,0,100
TR-2024-024,M3,2,2,0,100
TR-2024-025,M1,4,4,0,100
TR-2024-025,M3,4,4,0,100
TR-2024-025,M5,1,1,0,100
TR-2024-026,M1,4,4,0,100
TR-2024-026,M3,3,3,0,100
TR-2024-027,M1,3,3,0,100
TR-2024-027,M3,3,3,0,100
TR-2024-027,M5,1,1,0,100
TR-2024-028,M1,5,5,0,100
TR-2024-028,M3,1,1,0,100
TR-2024-029,M1,4,4,0,100
TR-2024-029,M3,3,3,0,100
TR-2024-029,M5,1,1,0,100
TR-2024-030,M1,4,4,0,100
TR-2024-030,M3,1,1,0,100
TR-2024-030,M5,1,1,0,100
TR-2024-031,M1,12,12,0,100
TR-2024-031,M2,1,1,0,100
TR-2024-031,M3,11,11,0,100
TR-2024-031,M5,3,3,0,100
TR-2024-032,M1,4,4,0,100
TR-2024-032,M3,4,4,0,100
TR-2024-032,M5,1,1,0,100
TR-2024-033,M1,4,4,0,100
TR-2024-033,M3,2,2,0,100
TR-2024-034,M1,5,5,0,100
TR-2024-034,M3,3,3,0,100
TR-2024-035,M1,4,4,0,100
TR-2024-035,M3,2,2,0,100
TR-2024-035,M5,1,1,0,100
TR-2024-036,M1,4,4,0,100
TR-2024-036,M3,4,4,0,100
TR-2024-037,M1,3,3,0,100
TR-2024-037,M3,2,2,0,100
TR-2024-038,M1,12,12,0,100
TR-2024-038,M2,1,1,0,100
TR-2024-038,M3,11,11,0,100
TR-2024-038,M5,3,3,0,100
TR-2024-039,M1,5,5,0,100
TR-2024-039,M3,3,3,0,100
TR-2024-040,M1,5,5,0,100
TR-2024-040,M3,1,1,0,100
TR-2024-040,M5,1,1,0,100
TR-2024-041,M1,4,4,0,100
TR-2024-041,M3,1,1,0,100
TR-2024-042,M1,3,3,0,100
TR-2024-042,M3,3,3,0,100
TR-2024-043,M1,4,4,0,100
TR-2024-043,M3,3,3,0,100
TR-2024-043,M5,1,1,0,100
TR-2025-001,M1,4,4,0,100
TR-2025-001,M3,3,3,0,100
TR-2025-002,M1,4,4,0,100
TR-2025-002,M3,3,3,0,100
TR-2025-002,M5,1,1,0,100
TR-2025-003,M1,3,3,0,100
TR-2025-003,M3,3,3,0,100
TR-2025-003,M5,1,1,0,100
TR-2025-004,M1,5,5,0,100
TR-2025-004,M3,3,3,0,100
TR-2025-004,M5,1,1,0,100
TR-2025-005,M1,4,4,0,100
TR-2025-005,M3,2,2,0,100
TR-2025-006,M1,12,12,0,100
TR-2025-006,M2,1,1,0,100
TR-2025-006,M3,11,11,0,100
TR-2025-006,M5,3,3,0,100
TR-2025-007,M1,3,3,0,100
TR-2025-007,M3,3,3,0,100
TR-2025-008,M1,5,5,0,100
TR-2025-008,M3,3,3,0,100
TR-2025-008,M5,1,1,0,100
TR-2025-009,M1,5,5,0,100
TR-2025-009,M3,1,1,0,100
TR-2025-009,M5,1,1,0,100
TR-2025-010,M1,3,3,0,100
TR-2025-010,M3,2,2,0,100
TR-2025-011,M1,5,5,0,100
TR-2025-011,M3,2,2,0,100
TR-2025-012,M1,4,4,0,100
TR-2025-012,M5,1,1,0,100
TR-2025-013,M1,4,4,0,100
TR-2025-013,M3,1,1,0,100
TR-2025-014,M1,4,4,0,100
TR-2025-014,M5,1,1,0,100
TR-2025-015,M1,12,12,0,100
TR-2025-015,M2,1,1,0,100
TR-2025-015,M3,11,11,0,100
TR-2025-015,M5,3,3,0,100
TR-2025-016,M1,4,4,0,100
TR-2025-016,M3,1,1,0,100
TR-2025-017,M1,5,5,0,100
TR-2025-017,M3,4,4,0,100
TR-2025-018,M1,3,3,0,100
TR-2025-018,M3,2,2,0,100
TR-2025-019,M1,3,3,0,100
TR-2025-019,M3,4,4,0,100
TR-2025-019,M5,1,1,0,100
TR-2025-020,M1,10,10,0,100
TR-2025-020,M3,1,1,0,100
TR-2025-021,M1,4,4,0,100
TR-2025-021,M3,2,2,0,100
TR-2025-022,M1,3,3,0,100
TR-2025-022,M3,1,1,0,100
TR-2025-022,M5,1,1,0,100
TR-2025-023,M1,4,4,0,100
TR-2025-023,M3,3,3,0,100
TR-2025-023,M5,1,1,0,100
TR-2025-024,M1,4,4,0,100
TR-2025-024,M3,4,4,0,100
TR-2025-024,M5,1,1,0,100
TR-2025-025,M1,4,4,0,100
TR-2025-025,M3,3,3,0,100
TR-2025-025,M5,1,1,0,100
TR-2025-026,M1,4,4,0,100
TR-2025-026,M3,4,4,0,100
TR-2025-026,M5,1,1,0,100
TR-2025-027,M1,5,5,0,100
TR-2025-027,M5,1,1,0,100
TR-2025-028,M1,3,3,0,100
TR-2025-028,M3,2,2,0,100
TR-2025-028,M5,1,1,0,100
TR-2025-029,M1,4,4,0,100
TR-2025-029,M3,4,4,0,100
TR-2025-030,M1,4,4,0,100
TR-2025-030,M3,2,2,0,100
TR-2025-031,M1,3,3,0,100
TR-2025-031,M3,3,3,0,100
TR-2025-031,M5,1,1,0,100
TR-2025-032,M1,4,4,0,100
TR-2025-032,M3,2,2,0,100
TR-2025-032,M5,1,1,0,100
TR-2025-033,M1,12,12,0,100
TR-2025-033,M2,1,1,0,100
TR-2025-033,M3,11,11,0,100
TR-2025-033,M5,3,3,0,100
TR-2025-034,M1,5,5,0,100
TR-2025-034,M3,4,4,0,100
TR-2025-035,M1,5,5,0,100
TR-2025-035,M3,4,4,0,100
TR-2025-036,M1,5,5,0,100
TR-2025-036,M3,3,3,0,100
TR-2025-037,M1,5,5,0,100
TR-2025-037,M3,3,3,0,100
TR-2025-038,M1,3,3,0,100
TR-2025-038,M3,4,4,0,100
TR-2025-039,M1,4,4,0,100
TR-2025-039,M3,3,3,0,100
TR-2025-040,M1,4,4,0,100
TR-2025-040,M3,4,4,0,100
TR-2025-040,M5,1,1,0,100
TR-2025-041,M1,5,5,0,100
TR-2025-041,M3,3,3,0,100
TR-2025-042,M1,4,4,0,100
TR-2025-042,M3,3,3,0,100
TR-2025-042,M5,1,1,0,100
TR-2025-043,M1,3,3,0,100
TR-2025-043,M3,3,3,0,100
TR-2025-044,M1,4,4,0,100
TR-2025-044,M3,4,4,0,100
TR-2025-045,M1,5,5,0,100
TR-2025-045,M3,3,3,0,100
TR-2025-045,M5,1,1,0,100
TR-2025-046,M1,4,4,0,100
TR-2025-046,M3,2,2,0,100
TR-2025-046,M5,1,1,0,100
TR-2025-047,M1,5,5,0,100
TR-2025-047,M3,3,3,0,100
TR-2025-047,M5,1,1,0,100
TR-2025-048,M1,4,4,0,100
TR-2025-048,M3,1,1,0,100
TR-2025-049,M1,12,12,0,100
TR-2025-049,M2,1,1,0,100
TR-2025-049,M3,11,11,0,100
TR-2025-049,M5,3,3,0,100
TR-2025-050,M1,3,3,0,100
TR-2025-050,M3,1,1,0,100
TR-2025-050,M5,1,1,0,100
TR-2025-051,M1,3,3,0,100
TR-2025-051,M3,3,3,0,100
TR-2025-052,M1,5,5,0,100
TR-2025-052,M3,3,3,0,100
TR-2025-052,M5,1,1,0,100
TR-2025-053,M1,4,4,0,100
TR-2025-053,M3,2,2,0,100
TR-2025-053,M5,1,1,0,100
TR-2025-054,M1,4,4,0,100
TR-2025-054,M3,4,4,0,100
TR-2025-054,M5,1,1,0,100
TR-2025-055,M1,5,5,0,100
TR-2025-055,M3,4,4,0,100
TR-2025-056,M1,4,4,0,100
TR-2025-056,M3,4,4,0,100
TR-2025-056,M5,1,1,0,100
TR-2025-057,M1,4,4,0,100
TR-2025-057,M3,3,3,0,100
TR-2025-057,M5,1,1,0,100
TR-2025-058,M1,3,3,0,100
TR-2025-058,M3,2,2,0,100
TR-2025-059,M1,3,3,0,100
TR-2025-059,M3,1,1,0,100
TR-2025-059,M5,1,1,0,100
TR-2025-060,M1,5,5,0,100
TR-2025-060,M3,3,3,0,100
TR-2025-061,M1,3,3,0,100
TR-2025-061,M3,2,2,0,100
TR-2025-062,M1,3,3,0,100
TR-2025-062,M3,5,5,0,100
TR-2025-062,M5,1,1,0,100
TR-2025-063,M1,4,4,0,100
TR-2025-063,M3,4,4,0,100
TR-2025-064,M1,5,5,0,100
TR-2025-064,M3,2,2,0,100
TR-2025-064,M5,1,1,0,100
TR-2025-065,M1,3,3,0,100
TR-2025-065,M3,3,3,0,100
TR-2025-066,M1,5,5,0,100
TR-2025-066,M3,1,1,0,100
TR-2025-066,M5,1,1,0,100
TR-2025-067,M1,5,5,0,100
TR-2025-067,M3,2,2,0,100
TR-2026-001,M1,4,4,0,100
TR-2026-001,M3,1,1,0,100
TR-2026-001,M5,1,1,0,100
TR-2026-002,M1,4,4,0,100
TR-2026-002,M3,3,3,0,100
TR-2026-003,M1,5,5,0,100
TR-2026-003,M3,3,3,0,100
TR-2026-003,M5,1,1,0,100
TR-2026-004,M1,5,5,0,100
TR-2026-004,M3,3,3,0,100
TR-2026-004,M5,1,1,0,100
TR-2026-005,M1,3,3,0,100
TR-2026-005,M3,2,2,0,100
TR-2026-006,M1,4,4,0,100
TR-2026-006,M3,4,4,0,100
TR-2026-006,M5,1,1,0,100
TR-2026-007,M1,4,4,0,100
TR-2026-007,M3,3,3,0,100
TR-2026-007,M5,1,1,0,100
TR-2026-008,M1,3,3,0,100
TR-2026-008,M3,2,2,0,100
TR-2026-008,M5,1,1,0,100
TR-2026-009,M1,3,3,0,100
TR-2026-009,M3,2,2,0,100
TR-2026-010,M1,4,4,0,100
TR-2026-010,M5,1,1,0,100
TR-2026-011,M1,12,5,2,41.7
TR-2026-011,M2,3,2,1,66.7
TR-2026-011,M3,10,5,3,50
TR-2026-011,M4,1,1,0,100
TR-2026-011,M5,3,1,0,33.3
TR-2026-012,M1,4,4,0,100
TR-2026-012,M3,2,2,0,100
TR-2026-012,M5,1,1,0,100
TR-2026-013,M1,3,3,0,100
TR-2026-013,M3,2,2,0,100
TR-2026-013,M5,1,1,0,100
TR-2026-014,M1,4,4,0,100
TR-2026-014,M3,4,4,0,100
TR-2026-014,M5,1,1,0,100
TR-2026-015,M1,4,4,0,100
TR-2026-015,M3,3,3,0,100
TR-2026-016,M1,3,3,0,100
TR-2026-016,M3,1,1,0,100
TR-2026-016,M5,1,1,0,100
TR-2026-017,M1,3,2,0,66.7
TR-2026-017,M3,2,1,0,50
TR-2026-017,M5,2,1,0,50
TR-2026-018,M1,3,3,0,100
TR-2026-018,M3,3,3,0,100
TR-2026-018,M5,1,1,0,100
TR-2026-019,M1,5,5,0,100
TR-2026-019,M3,3,3,0,100
TR-2026-020,M1,4,4,0,100
TR-2026-020,M3,2,2,0,100
TR-2026-021,M1,4,4,0,100
TR-2026-021,M3,1,1,0,100
TR-2026-022,M1,7,6,1,85.7
TR-2026-023,M1,5,5,0,100
TR-2026-023,M3,4,4,0,100
TR-2026-024,M1,5,5,0,100
TR-2026-024,M3,3,3,0,100
TR-2026-024,M5,1,1,0,100
TR-2026-025,M1,5,4,0,80
TR-2026-025,M3,3,2,0,66.7
TR-2026-025,M5,2,2,0,100
TR-2026-026,M1,5,5,0,100
TR-2026-026,M3,3,3,0,100
TR-2026-026,M5,1,1,0,100
TR-2026-027,M1,4,4,0,100
TR-2026-027,M3,2,2,0,100
TR-2026-027,M5,1,1,0,100
TR-2026-028,M1,3,3,0,100
TR-2026-028,M3,2,2,0,100
TR-2026-029,M1,3,3,0,100
TR-2026-029,M3,4,4,0,100
TR-2026-029,M5,1,1,0,100
TR-2026-030,M1,3,3,0,100
TR-2026-030,M3,3,3,0,100
TR-2026-031,M1,5,5,0,100
TR-2026-031,M3,3,3,0,100
TR-2026-032,M1,12,7,1,58.3
TR-2026-032,M2,1,1,0,100
TR-2026-032,M3,11,8,0,72.7
TR-2026-032,M5,3,2,0,66.7
TR-2026-033,M1,4,4,0,100
TR-2026-033,M3,1,1,0,100
TR-2026-033,M5,1,1,0,100
TR-2026-034,M1,4,4,0,100
TR-2026-034,M3,3,3,0,100
TR-2026-034,M5,1,1,0,100
TR-2026-035,M1,4,4,0,100
TR-2026-035,M3,3,3,0,100
TR-2026-035,M5,1,1,0,100
TR-2026-036,M1,3,3,0,100
TR-2026-036,M3,3,3,0,100
TR-2026-037,M1,4,4,0,100
TR-2026-037,M3,1,1,0,100
TR-2026-037,M5,1,1,0,100
TR-2026-038,M1,3,3,0,100
TR-2026-038,M3,3,3,0,100
TR-2026-038,M5,1,1,0,100
TR-2026-039,M1,4,3,0,75
TR-2026-039,M3,3,1,1,33.3
