tramite_id,producto_id,producto,homoclave,tipo_tramite,familia,descripcion,etapa,estatus,fecha_inicio_integracion,fecha_ingreso,fecha_objetivo_envio,dias_en_cofepris,plazo_resolucion_dias,tipo_plazo,cobertura_pct,faltantes,candado_envio,accion_pendiente,fecha_limite_accion,dias_habiles_restantes,semaforo_prevencion
TR-2026-011,P12,"Tefazurán (ALT-417, ficticio) 40 mg",COFEPRIS-04-004-A,Registro sanitario de medicamento alopático molécula nueva (fabricación nacional),Registro nuevo,Registro sanitario de medicamento alopático molécula nueva (fabricación nacional),Reunión técnica con el CMN programada (12/11/2026),Borrador,2026-03-02,,2027-01-29,,180,naturales,48.3,6,Bloqueado,,,,Sin prevención
TR-2026-017,P08,Rosuvastatina 10 mg,COFEPRIS-04-004-B,Registro sanitario de medicamento alopático genérico (fabricación nacional),Registro nuevo,Registro sanitario de medicamento alopático genérico (fabricación nacional),Prevención – respuesta en preparación,Prevenido,2026-03-01,2026-05-20,,139,180,naturales,57.1,0,Ya enviado,Responder prevención,2026-10-15,7,Verde
TR-2026-022,P03,Losartán potásico 50 mg,COFEPRIS-04-023-A,Prórroga del registro sanitario de medicamento alopático o biotecnológico,Prórroga,Prórroga del registro sanitario de medicamento alopático o biotecnológico,Aviso de prevención sin abrir,Aviso recibido,2026-04-17,2026-06-08,,120,120,naturales,85.7,1,Ya enviado,Abrir oficio,2026-10-12,4,Amarillo
TR-2026-025,P10,Adalimumab 40 mg/0.4 mL,COFEPRIS-04-004-G,Registro sanitario de medicamento biotecnológico biocomparable (fabricación nacional),Registro nuevo,Registro sanitario de medicamento biotecnológico biocomparable (fabricación nacional),Prevención – respuesta en preparación,Prevenido,2026-03-27,2026-06-17,,111,180,naturales,80,0,Ya enviado,Responder prevención,2026-10-20,10,Verde
TR-2026-029,P06,Clopidogrel 75 mg,COFEPRIS-04-016-A,Modificación a las condiciones del registro sanitario con cambio de proceso,Modificación,Cambio en el proceso de granulación,Respuesta a prevención enviada – en evaluación,En evaluación,2026-04-30,2026-06-30,,98,45,hábiles,100,0,Ya enviado,,,,Sin prevención
TR-2026-032,P09,Sitagliptina 100 mg,COFEPRIS-04-004-B,Registro sanitario de medicamento alopático genérico (fabricación nacional),Registro nuevo,Registro sanitario de medicamento alopático genérico (fabricación nacional),Integración del expediente,Borrador,2026-07-15,,2026-10-30,,180,naturales,66.7,1,Bloqueado,,,,Sin prevención
TR-2026-034,P11,Trastuzumab 440 mg,COFEPRIS-04-014-A,Modificación por cambio de sitio de fabricación,Modificación,Cambio de sitio de acondicionamiento secundario,En evaluación COFEPRIS,En evaluación,2026-06-19,2026-07-28,,70,45,hábiles,100,0,Ya enviado,,,,Sin prevención
TR-2026-037,P01,Metformina 850 mg,COFEPRIS-04-015-A,Modificación a las condiciones del registro sanitario sin cambio de proceso,Modificación,Cambio de proveedor del fármaco,En evaluación COFEPRIS,En evaluación,2026-05-29,2026-08-20,,47,30,hábiles,100,0,Ya enviado,,,,Sin prevención
TR-2026-038,P07,Sertralina 50 mg,COFEPRIS-04-015-A,Modificación a las condiciones del registro sanitario sin cambio de proceso,Modificación,Inclusión de presentación comercial,En evaluación COFEPRIS,En evaluación,2026-06-28,2026-09-10,,26,30,hábiles,100,0,Ya enviado,,,,Sin prevención
TR-2026-039,P02,Atorvastatina 20 mg,COFEPRIS-04-015-A,Modificación a las condiciones del registro sanitario sin cambio de proceso,Modificación,Actualización de textos de etiqueta,Integración del expediente,Borrador,2026-09-14,,2026-11-06,,30,hábiles,57.1,1,Bloqueado,,,,Sin prevención
