fecha,anio,mes,dia_semana,es_habil,motivo_inhabil
2023-01-01,2023,1,7,False,Fin de semana
2023-01-02,2023,1,1,True,
2023-01-03,2023,1,2,True,
2023-01-04,2023,1,3,True,
2023-01-05,2023,1,4,True,
2023-01-06,2023,1,5,True,
2023-01-07,2023,1,6,False,Fin de semana
2023-01-08,2023,1,7,False,Fin de semana
2023-01-09,2023,1,1,True,
2023-01-10,2023,1,2,True,
2023-01-11,2023,1,3,True,
2023-01-12,2023,1,4,True,
2023-01-13,2023,1,5,True,
2023-01-14,2023,1,6,False,Fin de semana
2023-01-15,2023,1,7,False,Fin de semana
2023-01-16,2023,1,1,True,
2023-01-17,2023,1,2,True,
2023-01-18,2023,1,3,True,
2023-01-19,2023,1,4,True,
2023-01-20,2023,1,5,True,
2023-01-21,2023,1,6,False,Fin de semana
2023-01-22,2023,1,7,False,Fin de semana
2023-01-23,2023,1,1,True,
2023-01-24,2023,1,2,True,
2023-01-25,2023,1,3,True,
2023-01-26,2023,1,4,True,
2023-01-27,2023,1,5,True,
2023-01-28,2023,1,6,False,Fin de semana
2023-01-29,2023,1,7,False,Fin de semana
2023-01-30,2023,1,1,True,
2023-01-31,2023,1,2,True,
2023-02-01,2023,2,3,True,
2023-02-02,2023,2,4,True,
2023-02-03,2023,2,5,True,
2023-02-04,2023,2,6,False,Fin de semana
2023-02-05,2023,2,7,False,Fin de semana
2023-02-06,2023,2,1,False,Día de la Constitución (LFT art. 74)
2023-02-07,2023,2,2,True,
2023-02-08,2023,2,3,True,
2023-02-09,2023,2,4,True,
2023-02-10,2023,2,5,True,
2023-02-11,2023,2,6,False,Fin de semana
2023-02-12,2023,2,7,False,Fin de semana
2023-02-13,2023,2,1,True,
2023-02-14,2023,2,2,True,
2023-02-15,2023,2,3,True,
2023-02-16,2023,2,4,True,
2023-02-17,2023,2,5,True,
2023-02-18,2023,2,6,False,Fin de semana
2023-02-19,2023,2,7,False,Fin de semana
2023-02-20,2023,2,1,True,
2023-02-21,2023,2,2,True,
2023-02-22,2023,2,3,True,
2023-02-23,2023,2,4,True,
2023-02-24,2023,2,5,True,
2023-02-25,2023,2,6,False,Fin de semana
2023-02-26,2023,2,7,False,Fin de semana
2023-02-27,2023,2,1,True,
2023-02-28,2023,2,2,True,
2023-03-01,2023,3,3,True,
2023-03-02,2023,3,4,True,
2023-03-03,2023,3,5,True,
2023-03-04,2023,3,6,False,Fin de semana
2023-03-05,2023,3,7,False,Fin de semana
2023-03-06,2023,3,1,True,
2023-03-07,2023,3,2,True,
2023-03-08,2023,3,3,True,
2023-03-09,2023,3,4,True,
2023-03-10,2023,3,5,True,
2023-03-11,2023,3,6,False,Fin de semana
2023-03-12,2023,3,7,False,Fin de semana
2023-03-13,2023,3,1,True,
2023-03-14,2023,3,2,True,
2023-03-15,2023,3,3,True,
2023-03-16,2023,3,4,True,
2023-03-17,2023,3,5,True,
2023-03-18,2023,3,6,False,Fin de semana
2023-03-19,2023,3,7,False,Fin de semana
2023-03-20,2023,3,1,False,Natalicio de Benito Juárez (LFT art. 74)
2023-03-21,2023,3,2,True,
2023-03-22,2023,3,3,True,
2023-03-23,2023,3,4,True,
2023-03-24,2023,3,5,True,
2023-03-25,2023,3,6,False,Fin de semana
2023-03-26,2023,3,7,False,Fin de semana
2023-03-27,2023,3,1,True,
2023-03-28,2023,3,2,True,
2023-03-29,2023,3,3,True,
2023-03-30,2023,3,4,True,
2023-03-31,2023,3,5,True,
2023-04-01,2023,4,6,False,Fin de semana
2023-04-02,2023,4,7,False,Fin de semana
2023-04-03,2023,4,1,True,
2023-04-04,2023,4,2,True,
2023-04-05,2023,4,3,True,
2023-04-06,2023,4,4,False,Jueves Santo (inhábil APF)
2023-04-07,2023,4,5,False,Viernes Santo (inhábil APF)
2023-04-08,2023,4,6,False,Fin de semana
2023-04-09,2023,4,7,False,Fin de semana
2023-04-10,2023,4,1,True,
2023-04-11,2023,4,2,True,
2023-04-12,2023,4,3,True,
2023-04-13,2023,4,4,True,
2023-04-14,2023,4,5,True,
2023-04-15,2023,4,6,False,Fin de semana
2023-04-16,2023,4,7,False,Fin de semana
2023-04-17,2023,4,1,True,
2023-04-18,2023,4,2,True,
2023-04-19,2023,4,3,True,
2023-04-20,2023,4,4,True,
2023-04-21,2023,4,5,True,
2023-04-22,2023,4,6,False,Fin de semana
2023-04-23,2023,4,7,False,Fin de semana
2023-04-24,2023,4,1,True,
2023-04-25,2023,4,2,True,
2023-04-26,2023,4,3,True,
2023-04-27,2023,4,4,True,
2023-04-28,2023,4,5,True,
2023-04-29,2023,4,6,False,Fin de semana
2023-04-30,2023,4,7,False,Fin de semana
2023-05-01,2023,5,1,False,Día del Trabajo (LFT art. 74)
2023-05-02,2023,5,2,True,
2023-05-03,2023,5,3,True,
2023-05-04,2023,5,4,True,
2023-05-05,2023,5,5,True,
2023-05-06,2023,5,6,False,Fin de semana
2023-05-07,2023,5,7,False,Fin de semana
2023-05-08,2023,5,1,True,
2023-05-09,2023,5,2,True,
2023-05-10,2023,5,3,True,
2023-05-11,2023,5,4,True,
2023-05-12,2023,5,5,True,
2023-05-13,2023,5,6,False,Fin de semana
2023-05-14,2023,5,7,False,Fin de semana
2023-05-15,2023,5,1,True,
2023-05-16,2023,5,2,True,
2023-05-17,2023,5,3,True,
2023-05-18,2023,5,4,True,
2023-05-19,2023,5,5,True,
2023-05-20,2023,5,6,False,Fin de semana
2023-05-21,2023,5,7,False,Fin de semana
2023-05-22,2023,5,1,True,
2023-05-23,2023,5,2,True,
2023-05-24,2023,5,3,True,
2023-05-25,2023,5,4,True,
2023-05-26,2023,5,5,True,
2023-05-27,2023,5,6,False,Fin de semana
2023-05-28,2023,5,7,False,Fin de semana
2023-05-29,2023,5,1,True,
2023-05-30,2023,5,2,True,
2023-05-31,2023,5,3,True,
2023-06-01,2023,6,4,True,
2023-06-02,2023,6,5,True,
2023-06-03,2023,6,6,False,Fin de semana
2023-06-04,2023,6,7,False,Fin de semana
2023-06-05,2023,6,1,True,
2023-06-06,2023,6,2,True,
2023-06-07,2023,6,3,True,
2023-06-08,2023,6,4,True,
2023-06-09,2023,6,5,True,
2023-06-10,2023,6,6,False,Fin de semana
2023-06-11,2023,6,7,False,Fin de semana
2023-06-12,2023,6,1,True,
2023-06-13,2023,6,2,True,
2023-06-14,2023,6,3,True,
2023-06-15,2023,6,4,True,
2023-06-16,2023,6,5,True,
2023-06-17,2023,6,6,False,Fin de semana
2023-06-18,2023,6,7,False,Fin de semana
2023-06-19,2023,6,1,True,
2023-06-20,2023,6,2,True,
2023-06-21,2023,6,3,True,
2023-06-22,2023,6,4,True,
2023-06-23,2023,6,5,True,
2023-06-24,2023,6,6,False,Fin de semana
2023-06-25,2023,6,7,False,Fin de semana
2023-06-26,2023,6,1,True,
2023-06-27,2023,6,2,True,
2023-06-28,2023,6,3,True,
2023-06-29,2023,6,4,True,
2023-06-30,2023,6,5,True,
2023-07-01,2023,7,6,False,Fin de semana
2023-07-02,2023,7,7,False,Fin de semana
2023-07-03,2023,7,1,True,
2023-07-04,2023,7,2,True,
2023-07-05,2023,7,3,True,
2023-07-06,2023,7,4,True,
2023-07-07,2023,7,5,True,
2023-07-08,2023,7,6,False,Fin de semana
2023-07-09,2023,7,7,False,Fin de semana
2023-07-10,2023,7,1,True,
2023-07-11,2023,7,2,True,
2023-07-12,2023,7,3,True,
2023-07-13,2023,7,4,True,
2023-07-14,2023,7,5,True,
2023-07-15,2023,7,6,False,Fin de semana
2023-07-16,2023,7,7,False,Fin de semana
2023-07-17,2023,7,1,False,Periodo vacacional de verano (aproximado; confirmar acuerdo COFEPRIS)
2023-07-18,2023,7,2,False,Periodo vacacional de verano (aproximado; confirmar acuerdo COFEPRIS)
2023-07-19,2023,7,3,False,Periodo vacacional de verano (aproximado; confirmar acuerdo COFEPRIS)
2023-07-20,2023,7,4,False,Periodo vacacional de verano (aproximado; confirmar acuerdo COFEPRIS)
2023-07-21,2023,7,5,False,Periodo vacacional de verano (aproximado; confirmar acuerdo COFEPRIS)
2023-07-22,2023,7,6,False,Fin de semana
2023-07-23,2023,7,7,False,Fin de semana
2023-07-24,2023,7,1,False,Periodo vacacional de verano (aproximado; confirmar acuerdo COFEPRIS)
2023-07-25,2023,7,2,False,Periodo vacacional de verano (aproximado; confirmar acuerdo COFEPRIS)
2023-07-26,2023,7,3,False,Periodo vacacional de verano (aproximado; confirmar acuerdo COFEPRIS)
2023-07-27,2023,7,4,True,
2023-07-28,2023,7,5,True,
2023-07-29,2023,7,6,False,Fin de semana
2023-07-30,2023,7,7,False,Fin de semana
2023-07-31,2023,7,1,True,
2023-08-01,2023,8,2,True,
2023-08-02,2023,8,3,True,
2023-08-03,2023,8,4,True,
2023-08-04,2023,8,5,True,
2023-08-05,2023,8,6,False,Fin de semana
2023-08-06,2023,8,7,False,Fin de semana
2023-08-07,2023,8,1,True,
2023-08-08,2023,8,2,True,
2023-08-09,2023,8,3,True,
2023-08-10,2023,8,4,True,
2023-08-11,2023,8,5,True,
2023-08-12,2023,8,6,False,Fin de semana
2023-08-13,2023,8,7,False,Fin de semana
2023-08-14,2023,8,1,True,
2023-08-15,2023,8,2,True,
2023-08-16,2023,8,3,True,
2023-08-17,2023,8,4,True,
2023-08-18,2023,8,5,True,
2023-08-19,2023,8,6,False,Fin de semana
2023-08-20,2023,8,7,False,Fin de semana
2023-08-21,2023,8,1,True,
2023-08-22,2023,8,2,True,
2023-08-23,2023,8,3,True,
2023-08-24,2023,8,4,True,
2023-08-25,2023,8,5,True,
2023-08-26,2023,8,6,False,Fin de semana
2023-08-27,2023,8,7,False,Fin de semana
2023-08-28,2023,8,1,True,
2023-08-29,2023,8,2,True,
2023-08-30,2023,8,3,True,
2023-08-31,2023,8,4,True,
2023-09-01,2023,9,5,True,
2023-09-02,2023,9,6,False,Fin de semana
2023-09-03,2023,9,7,False,Fin de semana
2023-09-04,2023,9,1,True,
2023-09-05,2023,9,2,True,
2023-09-06,2023,9,3,True,
2023-09-07,2023,9,4,True,
2023-09-08,2023,9,5,True,
2023-09-09,2023,9,6,False,Fin de semana
2023-09-10,2023,9,7,False,Fin de semana
2023-09-11,2023,9,1,True,
2023-09-12,2023,9,2,True,
2023-09-13,2023,9,3,True,
2023-09-14,2023,9,4,True,
2023-09-15,2023,9,5,True,
2023-09-16,2023,9,6,False,Fin de semana
2023-09-17,2023,9,7,False,Fin de semana
2023-09-18,2023,9,1,True,
2023-09-19,2023,9,2,True,
2023-09-20,2023,9,3,True,
2023-09-21,2023,9,4,True,
2023-09-22,2023,9,5,True,
2023-09-23,2023,9,6,False,Fin de semana
2023-09-24,2023,9,7,False,Fin de semana
2023-09-25,2023,9,1,True,
2023-09-26,2023,9,2,True,
2023-09-27,2023,9,3,True,
2023-09-28,2023,9,4,True,
2023-09-29,2023,9,5,True,
2023-09-30,2023,9,6,False,Fin de semana
2023-10-01,2023,10,7,False,Fin de semana
2023-10-02,2023,10,1,True,
2023-10-03,2023,10,2,True,
2023-10-04,2023,10,3,True,
2023-10-05,2023,10,4,True,
2023-10-06,2023,10,5,True,
2023-10-07,2023,10,6,False,Fin de semana
2023-10-08,2023,10,7,False,Fin de semana
2023-10-09,2023,10,1,True,
2023-10-10,2023,10,2,True,
2023-10-11,2023,10,3,True,
2023-10-12,2023,10,4,True,
2023-10-13,2023,10,5,True,
2023-10-14,2023,10,6,False,Fin de semana
2023-10-15,2023,10,7,False,Fin de semana
2023-10-16,2023,10,1,True,
2023-10-17,2023,10,2,True,
2023-10-18,2023,10,3,True,
2023-10-19,2023,10,4,True,
2023-10-20,2023,10,5,True,
2023-10-21,2023,10,6,False,Fin de semana
2023-10-22,2023,10,7,False,Fin de semana
2023-10-23,2023,10,1,True,
2023-10-24,2023,10,2,True,
2023-10-25,2023,10,3,True,
2023-10-26,2023,10,4,True,
2023-10-27,2023,10,5,True,
2023-10-28,2023,10,6,False,Fin de semana
2023-10-29,2023,10,7,False,Fin de semana
2023-10-30,2023,10,1,True,
2023-10-31,2023,10,2,True,
2023-11-01,2023,11,3,True,
2023-11-02,2023,11,4,False,"Día de Muertos (inhábil APF, habitual)"
2023-11-03,2023,11,5,True,
2023-11-04,2023,11,6,False,Fin de semana
2023-11-05,2023,11,7,False,Fin de semana
2023-11-06,2023,11,1,True,
2023-11-07,2023,11,2,True,
2023-11-08,2023,11,3,True,
2023-11-09,2023,11,4,True,
2023-11-10,2023,11,5,True,
2023-11-11,2023,11,6,False,Fin de semana
2023-11-12,2023,11,7,False,Fin de semana
2023-11-13,2023,11,1,True,
2023-11-14,2023,11,2,True,
2023-11-15,2023,11,3,True,
2023-11-16,2023,11,4,True,
2023-11-17,2023,11,5,True,
2023-11-18,2023,11,6,False,Fin de semana
2023-11-19,2023,11,7,False,Fin de semana
2023-11-20,2023,11,1,False,Revolución Mexicana (LFT art. 74)
2023-11-21,2023,11,2,True,
2023-11-22,2023,11,3,True,
2023-11-23,2023,11,4,True,
2023-11-24,2023,11,5,True,
2023-11-25,2023,11,6,False,Fin de semana
2023-11-26,2023,11,7,False,Fin de semana
2023-11-27,2023,11,1,True,
2023-11-28,2023,11,2,True,
2023-11-29,2023,11,3,True,
2023-11-30,2023,11,4,True,
2023-12-01,2023,12,5,True,
2023-12-02,2023,12,6,False,Fin de semana
2023-12-03,2023,12,7,False,Fin de semana
2023-12-04,2023,12,1,True,
2023-12-05,2023,12,2,True,
2023-12-06,2023,12,3,True,
2023-12-07,2023,12,4,True,
2023-12-08,2023,12,5,True,
2023-12-09,2023,12,6,False,Fin de semana
2023-12-10,2023,12,7,False,Fin de semana
2023-12-11,2023,12,1,True,
2023-12-12,2023,12,2,False,"Día de la Virgen de Guadalupe (inhábil APF, habitual)"
2023-12-13,2023,12,3,True,
2023-12-14,2023,12,4,True,
2023-12-15,2023,12,5,True,
2023-12-16,2023,12,6,False,Fin de semana
2023-12-17,2023,12,7,False,Fin de semana
2023-12-18,2023,12,1,False,Periodo vacacional de fin de año (aproximado; confirmar acuerdo COFEPRIS)
2023-12-19,2023,12,2,False,Periodo vacacional de fin de año (aproximado; confirmar acuerdo COFEPRIS)
2023-12-20,2023,12,3,False,Periodo vacacional de fin de año (aproximado; confirmar acuerdo COFEPRIS)
2023-12-21,2023,12,4,False,Periodo vacacional de fin de año (aproximado; confirmar acuerdo COFEPRIS)
2023-12-22,2023,12,5,False,Periodo vacacional de fin de año (aproximado; confirmar acuerdo COFEPRIS)
2023-12-23,2023,12,6,False,Fin de semana
2023-12-24,2023,12,7,False,Fin de semana
2023-12-25,2023,12,1,False,Navidad (LFT art. 74)
2023-12-26,2023,12,2,False,Periodo vacacional de fin de año (aproximado; confirmar acuerdo COFEPRIS)
2023-12-27,2023,12,3,False,Periodo vacacional de fin de año (aproximado; confirmar acuerdo COFEPRIS)
2023-12-28,2023,12,4,False,Periodo vacacional de fin de año (aproximado; confirmar acuerdo COFEPRIS)
2023-12-29,2023,12,5,False,Periodo vacacional de fin de año (aproximado; confirmar acuerdo COFEPRIS)
2023-12-30,2023,12,6,False,Fin de semana
2023-12-31,2023,12,7,False,Fin de semana
2024-01-01,2024,1,1,False,Año Nuevo (LFT art. 74)
2024-01-02,2024,1,2,True,
2024-01-03,2024,1,3,True,
2024-01-04,2024,1,4,True,
2024-01-05,2024,1,5,True,
2024-01-06,2024,1,6,False,Fin de semana
2024-01-07,2024,1,7,False,Fin de semana
2024-01-08,2024,1,1,True,
2024-01-09,2024,1,2,True,
2024-01-10,2024,1,3,True,
2024-01-11,2024,1,4,True,
2024-01-12,2024,1,5,True,
2024-01-13,2024,1,6,False,Fin de semana
2024-01-14,2024,1,7,False,Fin de semana
2024-01-15,2024,1,1,True,
2024-01-16,2024,1,2,True,
2024-01-17,2024,1,3,True,
2024-01-18,2024,1,4,True,
2024-01-19,2024,1,5,True,
2024-01-20,2024,1,6,False,Fin de semana
2024-01-21,2024,1,7,False,Fin de semana
2024-01-22,2024,1,1,True,
2024-01-23,2024,1,2,True,
2024-01-24,2024,1,3,True,
2024-01-25,2024,1,4,True,
2024-01-26,2024,1,5,True,
2024-01-27,2024,1,6,False,Fin de semana
2024-01-28,2024,1,7,False,Fin de semana
2024-01-29,2024,1,1,True,
2024-01-30,2024,1,2,True,
2024-01-31,2024,1,3,True,
2024-02-01,2024,2,4,True,
2024-02-02,2024,2,5,True,
2024-02-03,2024,2,6,False,Fin de semana
2024-02-04,2024,2,7,False,Fin de semana
2024-02-05,2024,2,1,False,Día de la Constitución (LFT art. 74)
2024-02-06,2024,2,2,True,
2024-02-07,2024,2,3,True,
2024-02-08,2024,2,4,True,
2024-02-09,2024,2,5,True,
2024-02-10,2024,2,6,False,Fin de semana
2024-02-11,2024,2,7,False,Fin de semana
2024-02-12,2024,2,1,True,
2024-02-13,2024,2,2,True,
2024-02-14,2024,2,3,True,
2024-02-15,2024,2,4,True,
2024-02-16,2024,2,5,True,
2024-02-17,2024,2,6,False,Fin de semana
2024-02-18,2024,2,7,False,Fin de semana
2024-02-19,2024,2,1,True,
2024-02-20,2024,2,2,True,
2024-02-21,2024,2,3,True,
2024-02-22,2024,2,4,True,
2024-02-23,2024,2,5,True,
2024-02-24,2024,2,6,False,Fin de semana
2024-02-25,2024,2,7,False,Fin de semana
2024-02-26,2024,2,1,True,
2024-02-27,2024,2,2,True,
2024-02-28,2024,2,3,True,
2024-02-29,2024,2,4,True,
2024-03-01,2024,3,5,True,
2024-03-02,2024,3,6,False,Fin de semana
2024-03-03,2024,3,7,False,Fin de semana
2024-03-04,2024,3,1,True,
2024-03-05,2024,3,2,True,
2024-03-06,2024,3,3,True,
2024-03-07,2024,3,4,True,
2024-03-08,2024,3,5,True,
2024-03-09,2024,3,6,False,Fin de semana
2024-03-10,2024,3,7,False,Fin de semana
2024-03-11,2024,3,1,True,
2024-03-12,2024,3,2,True,
2024-03-13,2024,3,3,True,
2024-03-14,2024,3,4,True,
2024-03-15,2024,3,5,True,
2024-03-16,2024,3,6,False,Fin de semana
2024-03-17,2024,3,7,False,Fin de semana
2024-03-18,2024,3,1,False,Natalicio de Benito Juárez (LFT art. 74)
2024-03-19,2024,3,2,True,
2024-03-20,2024,3,3,True,
2024-03-21,2024,3,4,True,
2024-03-22,2024,3,5,True,
2024-03-23,2024,3,6,False,Fin de semana
2024-03-24,2024,3,7,False,Fin de semana
2024-03-25,2024,3,1,True,
2024-03-26,2024,3,2,True,
2024-03-27,2024,3,3,True,
2024-03-28,2024,3,4,False,Jueves Santo (inhábil APF)
2024-03-29,2024,3,5,False,Viernes Santo (inhábil APF)
2024-03-30,2024,3,6,False,Fin de semana
2024-03-31,2024,3,7,False,Fin de semana
2024-04-01,2024,4,1,True,
2024-04-02,2024,4,2,True,
2024-04-03,2024,4,3,True,
2024-04-04,2024,4,4,True,
2024-04-05,2024,4,5,True,
2024-04-06,2024,4,6,False,Fin de semana
2024-04-07,2024,4,7,False,Fin de semana
2024-04-08,2024,4,1,True,
2024-04-09,2024,4,2,True,
2024-04-10,2024,4,3,True,
2024-04-11,2024,4,4,True,
2024-04-12,2024,4,5,True,
2024-04-13,2024,4,6,False,Fin de semana
2024-04-14,2024,4,7,False,Fin de semana
2024-04-15,2024,4,1,True,
2024-04-16,2024,4,2,True,
2024-04-17,2024,4,3,True,
2024-04-18,2024,4,4,True,
2024-04-19,2024,4,5,True,
2024-04-20,2024,4,6,False,Fin de semana
2024-04-21,2024,4,7,False,Fin de semana
2024-04-22,2024,4,1,True,
2024-04-23,2024,4,2,True,
2024-04-24,2024,4,3,True,
2024-04-25,2024,4,4,True,
2024-04-26,2024,4,5,True,
2024-04-27,2024,4,6,False,Fin de semana
2024-04-28,2024,4,7,False,Fin de semana
2024-04-29,2024,4,1,True,
2024-04-30,2024,4,2,True,
2024-05-01,2024,5,3,False,Día del Trabajo (LFT art. 74)
2024-05-02,2024,5,4,True,
2024-05-03,2024,5,5,True,
2024-05-04,2024,5,6,False,Fin de semana
2024-05-05,2024,5,7,False,Fin de semana
2024-05-06,2024,5,1,True,
2024-05-07,2024,5,2,True,
2024-05-08,2024,5,3,True,
2024-05-09,2024,5,4,True,
2024-05-10,2024,5,5,True,
2024-05-11,2024,5,6,False,Fin de semana
2024-05-12,2024,5,7,False,Fin de semana
2024-05-13,2024,5,1,True,
2024-05-14,2024,5,2,True,
2024-05-15,2024,5,3,True,
2024-05-16,2024,5,4,True,
2024-05-17,2024,5,5,True,
2024-05-18,2024,5,6,False,Fin de semana
2024-05-19,2024,5,7,False,Fin de semana
2024-05-20,2024,5,1,True,
2024-05-21,2024,5,2,True,
2024-05-22,2024,5,3,True,
2024-05-23,2024,5,4,True,
2024-05-24,2024,5,5,True,
2024-05-25,2024,5,6,False,Fin de semana
2024-05-26,2024,5,7,False,Fin de semana
2024-05-27,2024,5,1,True,
2024-05-28,2024,5,2,True,
2024-05-29,2024,5,3,True,
2024-05-30,2024,5,4,True,
2024-05-31,2024,5,5,True,
2024-06-01,2024,6,6,False,Fin de semana
2024-06-02,2024,6,7,False,Fin de semana
2024-06-03,2024,6,1,True,
2024-06-04,2024,6,2,True,
2024-06-05,2024,6,3,True,
2024-06-06,2024,6,4,True,
2024-06-07,2024,6,5,True,
2024-06-08,2024,6,6,False,Fin de semana
2024-06-09,2024,6,7,False,Fin de semana
2024-06-10,2024,6,1,True,
2024-06-11,2024,6,2,True,
2024-06-12,2024,6,3,True,
2024-06-13,2024,6,4,True,
2024-06-14,2024,6,5,True,
2024-06-15,2024,6,6,False,Fin de semana
2024-06-16,2024,6,7,False,Fin de semana
2024-06-17,2024,6,1,True,
2024-06-18,2024,6,2,True,
2024-06-19,2024,6,3,True,
2024-06-20,2024,6,4,True,
2024-06-21,2024,6,5,True,
2024-06-22,2024,6,6,False,Fin de semana
2024-06-23,2024,6,7,False,Fin de semana
2024-06-24,2024,6,1,True,
2024-06-25,2024,6,2,True,
2024-06-26,2024,6,3,True,
2024-06-27,2024,6,4,True,
2024-06-28,2024,6,5,True,
2024-06-29,2024,6,6,False,Fin de semana
2024-06-30,2024,6,7,False,Fin de semana
2024-07-01,2024,7,1,True,
2024-07-02,2024,7,2,True,
2024-07-03,2024,7,3,True,
2024-07-04,2024,7,4,True,
2024-07-05,2024,7,5,True,
2024-07-06,2024,7,6,False,Fin de semana
2024-07-07,2024,7,7,False,Fin de semana
2024-07-08,2024,7,1,True,
2024-07-09,2024,7,2,True,
2024-07-10,2024,7,3,True,
2024-07-11,2024,7,4,True,
2024-07-12,2024,7,5,True,
2024-07-13,2024,7,6,False,Fin de semana
2024-07-14,2024,7,7,False,Fin de semana
2024-07-15,2024,7,1,False,Periodo vacacional de verano (aproximado; confirmar acuerdo COFEPRIS)
2024-07-16,2024,7,2,False,Periodo vacacional de verano (aproximado; confirmar acuerdo COFEPRIS)
2024-07-17,2024,7,3,False,Periodo vacacional de verano (aproximado; confirmar acuerdo COFEPRIS)
2024-07-18,2024,7,4,False,Periodo vacacional de verano (aproximado; confirmar acuerdo COFEPRIS)
2024-07-19,2024,7,5,False,Periodo vacacional de verano (aproximado; confirmar acuerdo COFEPRIS)
2024-07-20,2024,7,6,False,Fin de semana
2024-07-21,2024,7,7,False,Fin de semana
2024-07-22,2024,7,1,False,Periodo vacacional de verano (aproximado; confirmar acuerdo COFEPRIS)
2024-07-23,2024,7,2,False,Periodo vacacional de verano (aproximado; confirmar acuerdo COFEPRIS)
2024-07-24,2024,7,3,False,Periodo vacacional de verano (aproximado; confirmar acuerdo COFEPRIS)
2024-07-25,2024,7,4,False,Periodo vacacional de verano (aproximado; confirmar acuerdo COFEPRIS)
2024-07-26,2024,7,5,False,Periodo vacacional de verano (aproximado; confirmar acuerdo COFEPRIS)
2024-07-27,2024,7,6,False,Fin de semana
2024-07-28,2024,7,7,False,Fin de semana
2024-07-29,2024,7,1,True,
2024-07-30,2024,7,2,True,
2024-07-31,2024,7,3,True,
2024-08-01,2024,8,4,True,
2024-08-02,2024,8,5,True,
2024-08-03,2024,8,6,False,Fin de semana
2024-08-04,2024,8,7,False,Fin de semana
2024-08-05,2024,8,1,True,
2024-08-06,2024,8,2,True,
2024-08-07,2024,8,3,True,
2024-08-08,2024,8,4,True,
2024-08-09,2024,8,5,True,
2024-08-10,2024,8,6,False,Fin de semana
2024-08-11,2024,8,7,False,Fin de semana
2024-08-12,2024,8,1,True,
2024-08-13,2024,8,2,True,
2024-08-14,2024,8,3,True,
2024-08-15,2024,8,4,True,
2024-08-16,2024,8,5,True,
2024-08-17,2024,8,6,False,Fin de semana
2024-08-18,2024,8,7,False,Fin de semana
2024-08-19,2024,8,1,True,
2024-08-20,2024,8,2,True,
2024-08-21,2024,8,3,True,
2024-08-22,2024,8,4,True,
2024-08-23,2024,8,5,True,
2024-08-24,2024,8,6,False,Fin de semana
2024-08-25,2024,8,7,False,Fin de semana
2024-08-26,2024,8,1,True,
2024-08-27,2024,8,2,True,
2024-08-28,2024,8,3,True,
2024-08-29,2024,8,4,True,
2024-08-30,2024,8,5,True,
2024-08-31,2024,8,6,False,Fin de semana
2024-09-01,2024,9,7,False,Fin de semana
2024-09-02,2024,9,1,True,
2024-09-03,2024,9,2,True,
2024-09-04,2024,9,3,True,
2024-09-05,2024,9,4,True,
2024-09-06,2024,9,5,True,
2024-09-07,2024,9,6,False,Fin de semana
2024-09-08,2024,9,7,False,Fin de semana
2024-09-09,2024,9,1,True,
2024-09-10,2024,9,2,True,
2024-09-11,2024,9,3,True,
2024-09-12,2024,9,4,True,
2024-09-13,2024,9,5,True,
2024-09-14,2024,9,6,False,Fin de semana
2024-09-15,2024,9,7,False,Fin de semana
2024-09-16,2024,9,1,False,Independencia (LFT art. 74)
2024-09-17,2024,9,2,True,
2024-09-18,2024,9,3,True,
2024-09-19,2024,9,4,True,
2024-09-20,2024,9,5,True,
2024-09-21,2024,9,6,False,Fin de semana
2024-09-22,2024,9,7,False,Fin de semana
2024-09-23,2024,9,1,True,
2024-09-24,2024,9,2,True,
2024-09-25,2024,9,3,True,
2024-09-26,2024,9,4,True,
2024-09-27,2024,9,5,True,
2024-09-28,2024,9,6,False,Fin de semana
2024-09-29,2024,9,7,False,Fin de semana
2024-09-30,2024,9,1,True,
2024-10-01,2024,10,2,False,Transmisión del Poder Ejecutivo (LFT art. 74)
2024-10-02,2024,10,3,True,
2024-10-03,2024,10,4,True,
2024-10-04,2024,10,5,True,
2024-10-05,2024,10,6,False,Fin de semana
2024-10-06,2024,10,7,False,Fin de semana
2024-10-07,2024,10,1,True,
2024-10-08,2024,10,2,True,
2024-10-09,2024,10,3,True,
2024-10-10,2024,10,4,True,
2024-10-11,2024,10,5,True,
2024-10-12,2024,10,6,False,Fin de semana
2024-10-13,2024,10,7,False,Fin de semana
2024-10-14,2024,10,1,True,
2024-10-15,2024,10,2,True,
2024-10-16,2024,10,3,True,
2024-10-17,2024,10,4,True,
2024-10-18,2024,10,5,True,
2024-10-19,2024,10,6,False,Fin de semana
2024-10-20,2024,10,7,False,Fin de semana
2024-10-21,2024,10,1,True,
2024-10-22,2024,10,2,True,
2024-10-23,2024,10,3,True,
2024-10-24,2024,10,4,True,
2024-10-25,2024,10,5,True,
2024-10-26,2024,10,6,False,Fin de semana
2024-10-27,2024,10,7,False,Fin de semana
2024-10-28,2024,10,1,True,
2024-10-29,2024,10,2,True,
2024-10-30,2024,10,3,True,
2024-10-31,2024,10,4,True,
2024-11-01,2024,11,5,True,
2024-11-02,2024,11,6,False,Fin de semana
2024-11-03,2024,11,7,False,Fin de semana
2024-11-04,2024,11,1,True,
2024-11-05,2024,11,2,True,
2024-11-06,2024,11,3,True,
2024-11-07,2024,11,4,True,
2024-11-08,2024,11,5,True,
2024-11-09,2024,11,6,False,Fin de semana
2024-11-10,2024,11,7,False,Fin de semana
2024-11-11,2024,11,1,True,
2024-11-12,2024,11,2,True,
2024-11-13,2024,11,3,True,
2024-11-14,2024,11,4,True,
2024-11-15,2024,11,5,True,
2024-11-16,2024,11,6,False,Fin de semana
2024-11-17,2024,11,7,False,Fin de semana
2024-11-18,2024,11,1,False,Revolución Mexicana (LFT art. 74)
2024-11-19,2024,11,2,True,
2024-11-20,2024,11,3,True,
2024-11-21,2024,11,4,True,
2024-11-22,2024,11,5,True,
2024-11-23,2024,11,6,False,Fin de semana
2024-11-24,2024,11,7,False,Fin de semana
2024-11-25,2024,11,1,True,
2024-11-26,2024,11,2,True,
2024-11-27,2024,11,3,True,
2024-11-28,2024,11,4,True,
2024-11-29,2024,11,5,True,
2024-11-30,2024,11,6,False,Fin de semana
2024-12-01,2024,12,7,False,Fin de semana
2024-12-02,2024,12,1,True,
2024-12-03,2024,12,2,True,
2024-12-04,2024,12,3,True,
2024-12-05,2024,12,4,True,
2024-12-06,2024,12,5,True,
2024-12-07,2024,12,6,False,Fin de semana
2024-12-08,2024,12,7,False,Fin de semana
2024-12-09,2024,12,1,True,
2024-12-10,2024,12,2,True,
2024-12-11,2024,12,3,True,
2024-12-12,2024,12,4,False,"Día de la Virgen de Guadalupe (inhábil APF, habitual)"
2024-12-13,2024,12,5,True,
2024-12-14,2024,12,6,False,Fin de semana
2024-12-15,2024,12,7,False,Fin de semana
2024-12-16,2024,12,1,True,
2024-12-17,2024,12,2,True,
2024-12-18,2024,12,3,False,Periodo vacacional de fin de año (aproximado; confirmar acuerdo COFEPRIS)
2024-12-19,2024,12,4,False,Periodo vacacional de fin de año (aproximado; confirmar acuerdo COFEPRIS)
2024-12-20,2024,12,5,False,Periodo vacacional de fin de año (aproximado; confirmar acuerdo COFEPRIS)
2024-12-21,2024,12,6,False,Fin de semana
2024-12-22,2024,12,7,False,Fin de semana
2024-12-23,2024,12,1,False,Periodo vacacional de fin de año (aproximado; confirmar acuerdo COFEPRIS)
2024-12-24,2024,12,2,False,Periodo vacacional de fin de año (aproximado; confirmar acuerdo COFEPRIS)
2024-12-25,2024,12,3,False,Navidad (LFT art. 74)
2024-12-26,2024,12,4,False,Periodo vacacional de fin de año (aproximado; confirmar acuerdo COFEPRIS)
2024-12-27,2024,12,5,False,Periodo vacacional de fin de año (aproximado; confirmar acuerdo COFEPRIS)
2024-12-28,2024,12,6,False,Fin de semana
2024-12-29,2024,12,7,False,Fin de semana
2024-12-30,2024,12,1,False,Periodo vacacional de fin de año (aproximado; confirmar acuerdo COFEPRIS)
2024-12-31,2024,12,2,False,Periodo vacacional de fin de año (aproximado; confirmar acuerdo COFEPRIS)
2025-01-01,2025,1,3,False,Año Nuevo (LFT art. 74)
2025-01-02,2025,1,4,True,
2025-01-03,2025,1,5,True,
2025-01-04,2025,1,6,False,Fin de semana
2025-01-05,2025,1,7,False,Fin de semana
2025-01-06,2025,1,1,True,
2025-01-07,2025,1,2,True,
2025-01-08,2025,1,3,True,
2025-01-09,2025,1,4,True,
2025-01-10,2025,1,5,True,
2025-01-11,2025,1,6,False,Fin de semana
2025-01-12,2025,1,7,False,Fin de semana
2025-01-13,2025,1,1,True,
2025-01-14,2025,1,2,True,
2025-01-15,2025,1,3,True,
2025-01-16,2025,1,4,True,
2025-01-17,2025,1,5,True,
2025-01-18,2025,1,6,False,Fin de semana
2025-01-19,2025,1,7,False,Fin de semana
2025-01-20,2025,1,1,True,
2025-01-21,2025,1,2,True,
2025-01-22,2025,1,3,True,
2025-01-23,2025,1,4,True,
2025-01-24,2025,1,5,True,
2025-01-25,2025,1,6,False,Fin de semana
2025-01-26,2025,1,7,False,Fin de semana
2025-01-27,2025,1,1,True,
2025-01-28,2025,1,2,True,
2025-01-29,2025,1,3,True,
2025-01-30,2025,1,4,True,
2025-01-31,2025,1,5,True,
2025-02-01,2025,2,6,False,Fin de semana
2025-02-02,2025,2,7,False,Fin de semana
2025-02-03,2025,2,1,False,Día de la Constitución (LFT art. 74)
2025-02-04,2025,2,2,True,
2025-02-05,2025,2,3,True,
2025-02-06,2025,2,4,True,
2025-02-07,2025,2,5,True,
2025-02-08,2025,2,6,False,Fin de semana
2025-02-09,2025,2,7,False,Fin de semana
2025-02-10,2025,2,1,True,
2025-02-11,2025,2,2,True,
2025-02-12,2025,2,3,True,
2025-02-13,2025,2,4,True,
2025-02-14,2025,2,5,True,
2025-02-15,2025,2,6,False,Fin de semana
2025-02-16,2025,2,7,False,Fin de semana
2025-02-17,2025,2,1,True,
2025-02-18,2025,2,2,True,
2025-02-19,2025,2,3,True,
2025-02-20,2025,2,4,True,
2025-02-21,2025,2,5,True,
2025-02-22,2025,2,6,False,Fin de semana
2025-02-23,2025,2,7,False,Fin de semana
2025-02-24,2025,2,1,True,
2025-02-25,2025,2,2,True,
2025-02-26,2025,2,3,True,
2025-02-27,2025,2,4,True,
2025-02-28,2025,2,5,True,
2025-03-01,2025,3,6,False,Fin de semana
2025-03-02,2025,3,7,False,Fin de semana
2025-03-03,2025,3,1,True,
2025-03-04,2025,3,2,True,
2025-03-05,2025,3,3,True,
2025-03-06,2025,3,4,True,
2025-03-07,2025,3,5,True,
2025-03-08,2025,3,6,False,Fin de semana
2025-03-09,2025,3,7,False,Fin de semana
2025-03-10,2025,3,1,True,
2025-03-11,2025,3,2,True,
2025-03-12,2025,3,3,True,
2025-03-13,2025,3,4,True,
2025-03-14,2025,3,5,True,
2025-03-15,2025,3,6,False,Fin de semana
2025-03-16,2025,3,7,False,Fin de semana
2025-03-17,2025,3,1,False,Natalicio de Benito Juárez (LFT art. 74)
2025-03-18,2025,3,2,True,
2025-03-19,2025,3,3,True,
2025-03-20,2025,3,4,True,
2025-03-21,2025,3,5,True,
2025-03-22,2025,3,6,False,Fin de semana
2025-03-23,2025,3,7,False,Fin de semana
2025-03-24,2025,3,1,True,
2025-03-25,2025,3,2,True,
2025-03-26,2025,3,3,True,
2025-03-27,2025,3,4,True,
2025-03-28,2025,3,5,True,
2025-03-29,2025,3,6,False,Fin de semana
2025-03-30,2025,3,7,False,Fin de semana
2025-03-31,2025,3,1,True,
2025-04-01,2025,4,2,True,
2025-04-02,2025,4,3,True,
2025-04-03,2025,4,4,True,
2025-04-04,2025,4,5,True,
2025-04-05,2025,4,6,False,Fin de semana
2025-04-06,2025,4,7,False,Fin de semana
2025-04-07,2025,4,1,True,
2025-04-08,2025,4,2,True,
2025-04-09,2025,4,3,True,
2025-04-10,2025,4,4,True,
2025-04-11,2025,4,5,True,
2025-04-12,2025,4,6,False,Fin de semana
2025-04-13,2025,4,7,False,Fin de semana
2025-04-14,2025,4,1,True,
2025-04-15,2025,4,2,True,
2025-04-16,2025,4,3,True,
2025-04-17,2025,4,4,False,Jueves Santo (inhábil APF)
2025-04-18,2025,4,5,False,Viernes Santo (inhábil APF)
2025-04-19,2025,4,6,False,Fin de semana
2025-04-20,2025,4,7,False,Fin de semana
2025-04-21,2025,4,1,True,
2025-04-22,2025,4,2,True,
2025-04-23,2025,4,3,True,
2025-04-24,2025,4,4,True,
2025-04-25,2025,4,5,True,
2025-04-26,2025,4,6,False,Fin de semana
2025-04-27,2025,4,7,False,Fin de semana
2025-04-28,2025,4,1,True,
2025-04-29,2025,4,2,True,
2025-04-30,2025,4,3,True,
2025-05-01,2025,5,4,False,Día del Trabajo (LFT art. 74)
2025-05-02,2025,5,5,True,
2025-05-03,2025,5,6,False,Fin de semana
2025-05-04,2025,5,7,False,Fin de semana
2025-05-05,2025,5,1,True,
2025-05-06,2025,5,2,True,
2025-05-07,2025,5,3,True,
2025-05-08,2025,5,4,True,
2025-05-09,2025,5,5,True,
2025-05-10,2025,5,6,False,Fin de semana
2025-05-11,2025,5,7,False,Fin de semana
2025-05-12,2025,5,1,True,
2025-05-13,2025,5,2,True,
2025-05-14,2025,5,3,True,
2025-05-15,2025,5,4,True,
2025-05-16,2025,5,5,True,
2025-05-17,2025,5,6,False,Fin de semana
2025-05-18,2025,5,7,False,Fin de semana
2025-05-19,2025,5,1,True,
2025-05-20,2025,5,2,True,
2025-05-21,2025,5,3,True,
2025-05-22,2025,5,4,True,
2025-05-23,2025,5,5,True,
2025-05-24,2025,5,6,False,Fin de semana
2025-05-25,2025,5,7,False,Fin de semana
2025-05-26,2025,5,1,True,
2025-05-27,2025,5,2,True,
2025-05-28,2025,5,3,True,
2025-05-29,2025,5,4,True,
2025-05-30,2025,5,5,True,
2025-05-31,2025,5,6,False,Fin de semana
2025-06-01,2025,6,7,False,Fin de semana
2025-06-02,2025,6,1,True,
2025-06-03,2025,6,2,True,
2025-06-04,2025,6,3,True,
2025-06-05,2025,6,4,True,
2025-06-06,2025,6,5,True,
2025-06-07,2025,6,6,False,Fin de semana
2025-06-08,2025,6,7,False,Fin de semana
2025-06-09,2025,6,1,True,
2025-06-10,2025,6,2,True,
2025-06-11,2025,6,3,True,
2025-06-12,2025,6,4,True,
2025-06-13,2025,6,5,True,
2025-06-14,2025,6,6,False,Fin de semana
2025-06-15,2025,6,7,False,Fin de semana
2025-06-16,2025,6,1,True,
2025-06-17,2025,6,2,True,
2025-06-18,2025,6,3,True,
2025-06-19,2025,6,4,True,
2025-06-20,2025,6,5,True,
2025-06-21,2025,6,6,False,Fin de semana
2025-06-22,2025,6,7,False,Fin de semana
2025-06-23,2025,6,1,True,
2025-06-24,2025,6,2,True,
2025-06-25,2025,6,3,True,
2025-06-26,2025,6,4,True,
2025-06-27,2025,6,5,True,
2025-06-28,2025,6,6,False,Fin de semana
2025-06-29,2025,6,7,False,Fin de semana
2025-06-30,2025,6,1,True,
2025-07-01,2025,7,2,True,
2025-07-02,2025,7,3,True,
2025-07-03,2025,7,4,True,
2025-07-04,2025,7,5,True,
2025-07-05,2025,7,6,False,Fin de semana
2025-07-06,2025,7,7,False,Fin de semana
2025-07-07,2025,7,1,True,
2025-07-08,2025,7,2,True,
2025-07-09,2025,7,3,True,
2025-07-10,2025,7,4,True,
2025-07-11,2025,7,5,True,
2025-07-12,2025,7,6,False,Fin de semana
2025-07-13,2025,7,7,False,Fin de semana
2025-07-14,2025,7,1,True,
2025-07-15,2025,7,2,False,Periodo vacacional de verano (aproximado; confirmar acuerdo COFEPRIS)
2025-07-16,2025,7,3,False,Periodo vacacional de verano (aproximado; confirmar acuerdo COFEPRIS)
2025-07-17,2025,7,4,False,Periodo vacacional de verano (aproximado; confirmar acuerdo COFEPRIS)
2025-07-18,2025,7,5,False,Periodo vacacional de verano (aproximado; confirmar acuerdo COFEPRIS)
2025-07-19,2025,7,6,False,Fin de semana
2025-07-20,2025,7,7,False,Fin de semana
2025-07-21,2025,7,1,False,Periodo vacacional de verano (aproximado; confirmar acuerdo COFEPRIS)
2025-07-22,2025,7,2,False,Periodo vacacional de verano (aproximado; confirmar acuerdo COFEPRIS)
2025-07-23,2025,7,3,False,Periodo vacacional de verano (aproximado; confirmar acuerdo COFEPRIS)
2025-07-24,2025,7,4,False,Periodo vacacional de verano (aproximado; confirmar acuerdo COFEPRIS)
2025-07-25,2025,7,5,False,Periodo vacacional de verano (aproximado; confirmar acuerdo COFEPRIS)
2025-07-26,2025,7,6,False,Fin de semana
2025-07-27,2025,7,7,False,Fin de semana
2025-07-28,2025,7,1,True,
2025-07-29,2025,7,2,True,
2025-07-30,2025,7,3,True,
2025-07-31,2025,7,4,True,
2025-08-01,2025,8,5,True,
2025-08-02,2025,8,6,False,Fin de semana
2025-08-03,2025,8,7,False,Fin de semana
2025-08-04,2025,8,1,True,
2025-08-05,2025,8,2,True,
2025-08-06,2025,8,3,True,
2025-08-07,2025,8,4,True,
2025-08-08,2025,8,5,True,
2025-08-09,2025,8,6,False,Fin de semana
2025-08-10,2025,8,7,False,Fin de semana
2025-08-11,2025,8,1,True,
2025-08-12,2025,8,2,True,
2025-08-13,2025,8,3,True,
2025-08-14,2025,8,4,True,
2025-08-15,2025,8,5,True,
2025-08-16,2025,8,6,False,Fin de semana
2025-08-17,2025,8,7,False,Fin de semana
2025-08-18,2025,8,1,True,
2025-08-19,2025,8,2,True,
2025-08-20,2025,8,3,True,
2025-08-21,2025,8,4,True,
2025-08-22,2025,8,5,True,
2025-08-23,2025,8,6,False,Fin de semana
2025-08-24,2025,8,7,False,Fin de semana
2025-08-25,2025,8,1,True,
2025-08-26,2025,8,2,True,
2025-08-27,2025,8,3,True,
2025-08-28,2025,8,4,True,
2025-08-29,2025,8,5,True,
2025-08-30,2025,8,6,False,Fin de semana
2025-08-31,2025,8,7,False,Fin de semana
2025-09-01,2025,9,1,True,
2025-09-02,2025,9,2,True,
2025-09-03,2025,9,3,True,
2025-09-04,2025,9,4,True,
2025-09-05,2025,9,5,True,
2025-09-06,2025,9,6,False,Fin de semana
2025-09-07,2025,9,7,False,Fin de semana
2025-09-08,2025,9,1,True,
2025-09-09,2025,9,2,True,
2025-09-10,2025,9,3,True,
2025-09-11,2025,9,4,True,
2025-09-12,2025,9,5,True,
2025-09-13,2025,9,6,False,Fin de semana
2025-09-14,2025,9,7,False,Fin de semana
2025-09-15,2025,9,1,True,
2025-09-16,2025,9,2,False,Independencia (LFT art. 74)
2025-09-17,2025,9,3,True,
2025-09-18,2025,9,4,True,
2025-09-19,2025,9,5,True,
2025-09-20,2025,9,6,False,Fin de semana
2025-09-21,2025,9,7,False,Fin de semana
2025-09-22,2025,9,1,True,
2025-09-23,2025,9,2,True,
2025-09-24,2025,9,3,True,
2025-09-25,2025,9,4,True,
2025-09-26,2025,9,5,True,
2025-09-27,2025,9,6,False,Fin de semana
2025-09-28,2025,9,7,False,Fin de semana
2025-09-29,2025,9,1,True,
2025-09-30,2025,9,2,True,
2025-10-01,2025,10,3,True,
2025-10-02,2025,10,4,True,
2025-10-03,2025,10,5,True,
2025-10-04,2025,10,6,False,Fin de semana
2025-10-05,2025,10,7,False,Fin de semana
2025-10-06,2025,10,1,True,
2025-10-07,2025,10,2,True,
2025-10-08,2025,10,3,True,
2025-10-09,2025,10,4,True,
2025-10-10,2025,10,5,True,
2025-10-11,2025,10,6,False,Fin de semana
2025-10-12,2025,10,7,False,Fin de semana
2025-10-13,2025,10,1,True,
2025-10-14,2025,10,2,True,
2025-10-15,2025,10,3,True,
2025-10-16,2025,10,4,True,
2025-10-17,2025,10,5,True,
2025-10-18,2025,10,6,False,Fin de semana
2025-10-19,2025,10,7,False,Fin de semana
2025-10-20,2025,10,1,True,
2025-10-21,2025,10,2,True,
2025-10-22,2025,10,3,True,
2025-10-23,2025,10,4,True,
2025-10-24,2025,10,5,True,
2025-10-25,2025,10,6,False,Fin de semana
2025-10-26,2025,10,7,False,Fin de semana
2025-10-27,2025,10,1,True,
2025-10-28,2025,10,2,True,
2025-10-29,2025,10,3,True,
2025-10-30,2025,10,4,True,
2025-10-31,2025,10,5,True,
2025-11-01,2025,11,6,False,Fin de semana
2025-11-02,2025,11,7,False,Fin de semana
2025-11-03,2025,11,1,True,
2025-11-04,2025,11,2,True,
2025-11-05,2025,11,3,True,
2025-11-06,2025,11,4,True,
2025-11-07,2025,11,5,True,
2025-11-08,2025,11,6,False,Fin de semana
2025-11-09,2025,11,7,False,Fin de semana
2025-11-10,2025,11,1,True,
2025-11-11,2025,11,2,True,
2025-11-12,2025,11,3,True,
2025-11-13,2025,11,4,True,
2025-11-14,2025,11,5,True,
2025-11-15,2025,11,6,False,Fin de semana
2025-11-16,2025,11,7,False,Fin de semana
2025-11-17,2025,11,1,False,Revolución Mexicana (LFT art. 74)
2025-11-18,2025,11,2,True,
2025-11-19,2025,11,3,True,
2025-11-20,2025,11,4,True,
2025-11-21,2025,11,5,True,
2025-11-22,2025,11,6,False,Fin de semana
2025-11-23,2025,11,7,False,Fin de semana
2025-11-24,2025,11,1,True,
2025-11-25,2025,11,2,True,
2025-11-26,2025,11,3,True,
2025-11-27,2025,11,4,True,
2025-11-28,2025,11,5,True,
2025-11-29,2025,11,6,False,Fin de semana
2025-11-30,2025,11,7,False,Fin de semana
2025-12-01,2025,12,1,True,
2025-12-02,2025,12,2,True,
2025-12-03,2025,12,3,True,
2025-12-04,2025,12,4,True,
2025-12-05,2025,12,5,True,
2025-12-06,2025,12,6,False,Fin de semana
2025-12-07,2025,12,7,False,Fin de semana
2025-12-08,2025,12,1,True,
2025-12-09,2025,12,2,True,
2025-12-10,2025,12,3,True,
2025-12-11,2025,12,4,True,
2025-12-12,2025,12,5,False,"Día de la Virgen de Guadalupe (inhábil APF, habitual)"
2025-12-13,2025,12,6,False,Fin de semana
2025-12-14,2025,12,7,False,Fin de semana
2025-12-15,2025,12,1,True,
2025-12-16,2025,12,2,True,
2025-12-17,2025,12,3,True,
2025-12-18,2025,12,4,False,Periodo vacacional de fin de año (aproximado; confirmar acuerdo COFEPRIS)
2025-12-19,2025,12,5,False,Periodo vacacional de fin de año (aproximado; confirmar acuerdo COFEPRIS)
2025-12-20,2025,12,6,False,Fin de semana
2025-12-21,2025,12,7,False,Fin de semana
2025-12-22,2025,12,1,False,Periodo vacacional de fin de año (aproximado; confirmar acuerdo COFEPRIS)
2025-12-23,2025,12,2,False,Periodo vacacional de fin de año (aproximado; confirmar acuerdo COFEPRIS)
2025-12-24,2025,12,3,False,Periodo vacacional de fin de año (aproximado; confirmar acuerdo COFEPRIS)
2025-12-25,2025,12,4,False,Navidad (LFT art. 74)
2025-12-26,2025,12,5,False,Periodo vacacional de fin de año (aproximado; confirmar acuerdo COFEPRIS)
2025-12-27,2025,12,6,False,Fin de semana
2025-12-28,2025,12,7,False,Fin de semana
2025-12-29,2025,12,1,False,Periodo vacacional de fin de año (aproximado; confirmar acuerdo COFEPRIS)
2025-12-30,2025,12,2,False,Periodo vacacional de fin de año (aproximado; confirmar acuerdo COFEPRIS)
2025-12-31,2025,12,3,False,Periodo vacacional de fin de año (aproximado; confirmar acuerdo COFEPRIS)
2026-01-01,2026,1,4,False,Año Nuevo (LFT art. 74)
2026-01-02,2026,1,5,True,
2026-01-03,2026,1,6,False,Fin de semana
2026-01-04,2026,1,7,False,Fin de semana
2026-01-05,2026,1,1,True,
2026-01-06,2026,1,2,True,
2026-01-07,2026,1,3,True,
2026-01-08,2026,1,4,True,
2026-01-09,2026,1,5,True,
2026-01-10,2026,1,6,False,Fin de semana
2026-01-11,2026,1,7,False,Fin de semana
2026-01-12,2026,1,1,True,
2026-01-13,2026,1,2,True,
2026-01-14,2026,1,3,True,
2026-01-15,2026,1,4,True,
2026-01-16,2026,1,5,True,
2026-01-17,2026,1,6,False,Fin de semana
2026-01-18,2026,1,7,False,Fin de semana
2026-01-19,2026,1,1,True,
2026-01-20,2026,1,2,True,
2026-01-21,2026,1,3,True,
2026-01-22,2026,1,4,True,
2026-01-23,2026,1,5,True,
2026-01-24,2026,1,6,False,Fin de semana
2026-01-25,2026,1,7,False,Fin de semana
2026-01-26,2026,1,1,True,
2026-01-27,2026,1,2,True,
2026-01-28,2026,1,3,True,
2026-01-29,2026,1,4,True,
2026-01-30,2026,1,5,True,
2026-01-31,2026,1,6,False,Fin de semana
2026-02-01,2026,2,7,False,Fin de semana
2026-02-02,2026,2,1,False,Día de la Constitución (LFT art. 74)
2026-02-03,2026,2,2,True,
2026-02-04,2026,2,3,True,
2026-02-05,2026,2,4,True,
2026-02-06,2026,2,5,True,
2026-02-07,2026,2,6,False,Fin de semana
2026-02-08,2026,2,7,False,Fin de semana
2026-02-09,2026,2,1,True,
2026-02-10,2026,2,2,True,
2026-02-11,2026,2,3,True,
2026-02-12,2026,2,4,True,
2026-02-13,2026,2,5,True,
2026-02-14,2026,2,6,False,Fin de semana
2026-02-15,2026,2,7,False,Fin de semana
2026-02-16,2026,2,1,True,
2026-02-17,2026,2,2,True,
2026-02-18,2026,2,3,True,
2026-02-19,2026,2,4,True,
2026-02-20,2026,2,5,True,
2026-02-21,2026,2,6,False,Fin de semana
2026-02-22,2026,2,7,False,Fin de semana
2026-02-23,2026,2,1,True,
2026-02-24,2026,2,2,True,
2026-02-25,2026,2,3,True,
2026-02-26,2026,2,4,True,
2026-02-27,2026,2,5,True,
2026-02-28,2026,2,6,False,Fin de semana
2026-03-01,2026,3,7,False,Fin de semana
2026-03-02,2026,3,1,True,
2026-03-03,2026,3,2,True,
2026-03-04,2026,3,3,True,
2026-03-05,2026,3,4,True,
2026-03-06,2026,3,5,True,
2026-03-07,2026,3,6,False,Fin de semana
2026-03-08,2026,3,7,False,Fin de semana
2026-03-09,2026,3,1,True,
2026-03-10,2026,3,2,True,
2026-03-11,2026,3,3,True,
2026-03-12,2026,3,4,True,
2026-03-13,2026,3,5,True,
2026-03-14,2026,3,6,False,Fin de semana
2026-03-15,2026,3,7,False,Fin de semana
2026-03-16,2026,3,1,False,Natalicio de Benito Juárez (LFT art. 74)
2026-03-17,2026,3,2,True,
2026-03-18,2026,3,3,True,
2026-03-19,2026,3,4,True,
2026-03-20,2026,3,5,True,
2026-03-21,2026,3,6,False,Fin de semana
2026-03-22,2026,3,7,False,Fin de semana
2026-03-23,2026,3,1,True,
2026-03-24,2026,3,2,True,
2026-03-25,2026,3,3,True,
2026-03-26,2026,3,4,True,
2026-03-27,2026,3,5,True,
2026-03-28,2026,3,6,False,Fin de semana
2026-03-29,2026,3,7,False,Fin de semana
2026-03-30,2026,3,1,True,
2026-03-31,2026,3,2,True,
2026-04-01,2026,4,3,True,
2026-04-02,2026,4,4,False,Jueves Santo (inhábil APF)
2026-04-03,2026,4,5,False,Viernes Santo (inhábil APF)
2026-04-04,2026,4,6,False,Fin de semana
2026-04-05,2026,4,7,False,Fin de semana
2026-04-06,2026,4,1,True,
2026-04-07,2026,4,2,True,
2026-04-08,2026,4,3,True,
2026-04-09,2026,4,4,True,
2026-04-10,2026,4,5,True,
2026-04-11,2026,4,6,False,Fin de semana
2026-04-12,2026,4,7,False,Fin de semana
2026-04-13,2026,4,1,True,
2026-04-14,2026,4,2,True,
2026-04-15,2026,4,3,True,
2026-04-16,2026,4,4,True,
2026-04-17,2026,4,5,True,
2026-04-18,2026,4,6,False,Fin de semana
2026-04-19,2026,4,7,False,Fin de semana
2026-04-20,2026,4,1,True,
2026-04-21,2026,4,2,True,
2026-04-22,2026,4,3,True,
2026-04-23,2026,4,4,True,
2026-04-24,2026,4,5,True,
2026-04-25,2026,4,6,False,Fin de semana
2026-04-26,2026,4,7,False,Fin de semana
2026-04-27,2026,4,1,True,
2026-04-28,2026,4,2,True,
2026-04-29,2026,4,3,True,
2026-04-30,2026,4,4,True,
2026-05-01,2026,5,5,False,Día del Trabajo (LFT art. 74)
2026-05-02,2026,5,6,False,Fin de semana
2026-05-03,2026,5,7,False,Fin de semana
2026-05-04,2026,5,1,True,
2026-05-05,2026,5,2,True,
2026-05-06,2026,5,3,True,
2026-05-07,2026,5,4,True,
2026-05-08,2026,5,5,True,
2026-05-09,2026,5,6,False,Fin de semana
2026-05-10,2026,5,7,False,Fin de semana
2026-05-11,2026,5,1,True,
2026-05-12,2026,5,2,True,
2026-05-13,2026,5,3,True,
2026-05-14,2026,5,4,True,
2026-05-15,2026,5,5,True,
2026-05-16,2026,5,6,False,Fin de semana
2026-05-17,2026,5,7,False,Fin de semana
2026-05-18,2026,5,1,True,
2026-05-19,2026,5,2,True,
2026-05-20,2026,5,3,True,
2026-05-21,2026,5,4,True,
2026-05-22,2026,5,5,True,
2026-05-23,2026,5,6,False,Fin de semana
2026-05-24,2026,5,7,False,Fin de semana
2026-05-25,2026,5,1,True,
2026-05-26,2026,5,2,True,
2026-05-27,2026,5,3,True,
2026-05-28,2026,5,4,True,
2026-05-29,2026,5,5,True,
2026-05-30,2026,5,6,False,Fin de semana
2026-05-31,2026,5,7,False,Fin de semana
2026-06-01,2026,6,1,True,
2026-06-02,2026,6,2,True,
2026-06-03,2026,6,3,True,
2026-06-04,2026,6,4,True,
2026-06-05,2026,6,5,True,
2026-06-06,2026,6,6,False,Fin de semana
2026-06-07,2026,6,7,False,Fin de semana
2026-06-08,2026,6,1,True,
2026-06-09,2026,6,2,True,
2026-06-10,2026,6,3,True,
2026-06-11,2026,6,4,True,
2026-06-12,2026,6,5,True,
2026-06-13,2026,6,6,False,Fin de semana
2026-06-14,2026,6,7,False,Fin de semana
2026-06-15,2026,6,1,True,
2026-06-16,2026,6,2,True,
2026-06-17,2026,6,3,True,
2026-06-18,2026,6,4,True,
2026-06-19,2026,6,5,True,
2026-06-20,2026,6,6,False,Fin de semana
2026-06-21,2026,6,7,False,Fin de semana
2026-06-22,2026,6,1,True,
2026-06-23,2026,6,2,True,
2026-06-24,2026,6,3,True,
2026-06-25,2026,6,4,True,
2026-06-26,2026,6,5,True,
2026-06-27,2026,6,6,False,Fin de semana
2026-06-28,2026,6,7,False,Fin de semana
2026-06-29,2026,6,1,True,
2026-06-30,2026,6,2,True,
2026-07-01,2026,7,3,True,
2026-07-02,2026,7,4,True,
2026-07-03,2026,7,5,True,
2026-07-04,2026,7,6,False,Fin de semana
2026-07-05,2026,7,7,False,Fin de semana
2026-07-06,2026,7,1,True,
2026-07-07,2026,7,2,True,
2026-07-08,2026,7,3,True,
2026-07-09,2026,7,4,True,
2026-07-10,2026,7,5,True,
2026-07-11,2026,7,6,False,Fin de semana
2026-07-12,2026,7,7,False,Fin de semana
2026-07-13,2026,7,1,True,
2026-07-14,2026,7,2,True,
2026-07-15,2026,7,3,False,Periodo vacacional de verano (aproximado; confirmar acuerdo COFEPRIS)
2026-07-16,2026,7,4,False,Periodo vacacional de verano (aproximado; confirmar acuerdo COFEPRIS)
2026-07-17,2026,7,5,False,Periodo vacacional de verano (aproximado; confirmar acuerdo COFEPRIS)
2026-07-18,2026,7,6,False,Fin de semana
2026-07-19,2026,7,7,False,Fin de semana
2026-07-20,2026,7,1,False,Periodo vacacional de verano (aproximado; confirmar acuerdo COFEPRIS)
2026-07-21,2026,7,2,False,Periodo vacacional de verano (aproximado; confirmar acuerdo COFEPRIS)
2026-07-22,2026,7,3,False,Periodo vacacional de verano (aproximado; confirmar acuerdo COFEPRIS)
2026-07-23,2026,7,4,False,Periodo vacacional de verano (aproximado; confirmar acuerdo COFEPRIS)
2026-07-24,2026,7,5,False,Periodo vacacional de verano (aproximado; confirmar acuerdo COFEPRIS)
2026-07-25,2026,7,6,False,Fin de semana
2026-07-26,2026,7,7,False,Fin de semana
2026-07-27,2026,7,1,True,
2026-07-28,2026,7,2,True,
2026-07-29,2026,7,3,True,
2026-07-30,2026,7,4,True,
2026-07-31,2026,7,5,True,
2026-08-01,2026,8,6,False,Fin de semana
2026-08-02,2026,8,7,False,Fin de semana
2026-08-03,2026,8,1,True,
2026-08-04,2026,8,2,True,
2026-08-05,2026,8,3,True,
2026-08-06,2026,8,4,True,
2026-08-07,2026,8,5,True,
2026-08-08,2026,8,6,False,Fin de semana
2026-08-09,2026,8,7,False,Fin de semana
2026-08-10,2026,8,1,True,
2026-08-11,2026,8,2,True,
2026-08-12,2026,8,3,True,
2026-08-13,2026,8,4,True,
2026-08-14,2026,8,5,True,
2026-08-15,2026,8,6,False,Fin de semana
2026-08-16,2026,8,7,False,Fin de semana
2026-08-17,2026,8,1,True,
2026-08-18,2026,8,2,True,
2026-08-19,2026,8,3,True,
2026-08-20,2026,8,4,True,
2026-08-21,2026,8,5,True,
2026-08-22,2026,8,6,False,Fin de semana
2026-08-23,2026,8,7,False,Fin de semana
2026-08-24,2026,8,1,True,
2026-08-25,2026,8,2,True,
2026-08-26,2026,8,3,True,
2026-08-27,2026,8,4,True,
2026-08-28,2026,8,5,True,
2026-08-29,2026,8,6,False,Fin de semana
2026-08-30,2026,8,7,False,Fin de semana
2026-08-31,2026,8,1,True,
2026-09-01,2026,9,2,True,
2026-09-02,2026,9,3,True,
2026-09-03,2026,9,4,True,
2026-09-04,2026,9,5,True,
2026-09-05,2026,9,6,False,Fin de semana
2026-09-06,2026,9,7,False,Fin de semana
2026-09-07,2026,9,1,True,
2026-09-08,2026,9,2,True,
2026-09-09,2026,9,3,True,
2026-09-10,2026,9,4,True,
2026-09-11,2026,9,5,True,
2026-09-12,2026,9,6,False,Fin de semana
2026-09-13,2026,9,7,False,Fin de semana
2026-09-14,2026,9,1,True,
2026-09-15,2026,9,2,True,
2026-09-16,2026,9,3,False,Independencia (LFT art. 74)
2026-09-17,2026,9,4,True,
2026-09-18,2026,9,5,True,
2026-09-19,2026,9,6,False,Fin de semana
2026-09-20,2026,9,7,False,Fin de semana
2026-09-21,2026,9,1,True,
2026-09-22,2026,9,2,True,
2026-09-23,2026,9,3,True,
2026-09-24,2026,9,4,True,
2026-09-25,2026,9,5,True,
2026-09-26,2026,9,6,False,Fin de semana
2026-09-27,2026,9,7,False,Fin de semana
2026-09-28,2026,9,1,True,
2026-09-29,2026,9,2,True,
2026-09-30,2026,9,3,True,
2026-10-01,2026,10,4,True,
2026-10-02,2026,10,5,True,
2026-10-03,2026,10,6,False,Fin de semana
2026-10-04,2026,10,7,False,Fin de semana
2026-10-05,2026,10,1,True,
2026-10-06,2026,10,2,True,
2026-10-07,2026,10,3,True,
2026-10-08,2026,10,4,True,
2026-10-09,2026,10,5,True,
2026-10-10,2026,10,6,False,Fin de semana
2026-10-11,2026,10,7,False,Fin de semana
2026-10-12,2026,10,1,True,
2026-10-13,2026,10,2,True,
2026-10-14,2026,10,3,True,
2026-10-15,2026,10,4,True,
2026-10-16,2026,10,5,True,
2026-10-17,2026,10,6,False,Fin de semana
2026-10-18,2026,10,7,False,Fin de semana
2026-10-19,2026,10,1,True,
2026-10-20,2026,10,2,True,
2026-10-21,2026,10,3,True,
2026-10-22,2026,10,4,True,
2026-10-23,2026,10,5,True,
2026-10-24,2026,10,6,False,Fin de semana
2026-10-25,2026,10,7,False,Fin de semana
2026-10-26,2026,10,1,True,
2026-10-27,2026,10,2,True,
2026-10-28,2026,10,3,True,
2026-10-29,2026,10,4,True,
2026-10-30,2026,10,5,True,
2026-10-31,2026,10,6,False,Fin de semana
2026-11-01,2026,11,7,False,Fin de semana
2026-11-02,2026,11,1,False,"Día de Muertos (inhábil APF, habitual)"
2026-11-03,2026,11,2,True,
2026-11-04,2026,11,3,True,
2026-11-05,2026,11,4,True,
2026-11-06,2026,11,5,True,
2026-11-07,2026,11,6,False,Fin de semana
2026-11-08,2026,11,7,False,Fin de semana
2026-11-09,2026,11,1,True,
2026-11-10,2026,11,2,True,
2026-11-11,2026,11,3,True,
2026-11-12,2026,11,4,True,
2026-11-13,2026,11,5,True,
2026-11-14,2026,11,6,False,Fin de semana
2026-11-15,2026,11,7,False,Fin de semana
2026-11-16,2026,11,1,False,Revolución Mexicana (LFT art. 74)
2026-11-17,2026,11,2,True,
2026-11-18,2026,11,3,True,
2026-11-19,2026,11,4,True,
2026-11-20,2026,11,5,True,
2026-11-21,2026,11,6,False,Fin de semana
2026-11-22,2026,11,7,False,Fin de semana
2026-11-23,2026,11,1,True,
2026-11-24,2026,11,2,True,
2026-11-25,2026,11,3,True,
2026-11-26,2026,11,4,True,
2026-11-27,2026,11,5,True,
2026-11-28,2026,11,6,False,Fin de semana
2026-11-29,2026,11,7,False,Fin de semana
2026-11-30,2026,11,1,True,
2026-12-01,2026,12,2,True,
2026-12-02,2026,12,3,True,
2026-12-03,2026,12,4,True,
2026-12-04,2026,12,5,True,
2026-12-05,2026,12,6,False,Fin de semana
2026-12-06,2026,12,7,False,Fin de semana
2026-12-07,2026,12,1,True,
2026-12-08,2026,12,2,True,
2026-12-09,2026,12,3,True,
2026-12-10,2026,12,4,True,
2026-12-11,2026,12,5,True,
2026-12-12,2026,12,6,False,Fin de semana
2026-12-13,2026,12,7,False,Fin de semana
2026-12-14,2026,12,1,True,
2026-12-15,2026,12,2,True,
2026-12-16,2026,12,3,True,
2026-12-17,2026,12,4,True,
2026-12-18,2026,12,5,False,Periodo vacacional de fin de año (aproximado; confirmar acuerdo COFEPRIS)
2026-12-19,2026,12,6,False,Fin de semana
2026-12-20,2026,12,7,False,Fin de semana
2026-12-21,2026,12,1,False,Periodo vacacional de fin de año (aproximado; confirmar acuerdo COFEPRIS)
2026-12-22,2026,12,2,False,Periodo vacacional de fin de año (aproximado; confirmar acuerdo COFEPRIS)
2026-12-23,2026,12,3,False,Periodo vacacional de fin de año (aproximado; confirmar acuerdo COFEPRIS)
2026-12-24,2026,12,4,False,Periodo vacacional de fin de año (aproximado; confirmar acuerdo COFEPRIS)
2026-12-25,2026,12,5,False,Navidad (LFT art. 74)
2026-12-26,2026,12,6,False,Fin de semana
2026-12-27,2026,12,7,False,Fin de semana
2026-12-28,2026,12,1,False,Periodo vacacional de fin de año (aproximado; confirmar acuerdo COFEPRIS)
2026-12-29,2026,12,2,False,Periodo vacacional de fin de año (aproximado; confirmar acuerdo COFEPRIS)
2026-12-30,2026,12,3,False,Periodo vacacional de fin de año (aproximado; confirmar acuerdo COFEPRIS)
2026-12-31,2026,12,4,False,Periodo vacacional de fin de año (aproximado; confirmar acuerdo COFEPRIS)
2027-01-01,2027,1,5,False,Año Nuevo (LFT art. 74)
2027-01-02,2027,1,6,False,Fin de semana
2027-01-03,2027,1,7,False,Fin de semana
2027-01-04,2027,1,1,True,
2027-01-05,2027,1,2,True,
2027-01-06,2027,1,3,True,
2027-01-07,2027,1,4,True,
2027-01-08,2027,1,5,True,
2027-01-09,2027,1,6,False,Fin de semana
2027-01-10,2027,1,7,False,Fin de semana
2027-01-11,2027,1,1,True,
2027-01-12,2027,1,2,True,
2027-01-13,2027,1,3,True,
2027-01-14,2027,1,4,True,
2027-01-15,2027,1,5,True,
2027-01-16,2027,1,6,False,Fin de semana
2027-01-17,2027,1,7,False,Fin de semana
2027-01-18,2027,1,1,True,
2027-01-19,2027,1,2,True,
2027-01-20,2027,1,3,True,
2027-01-21,2027,1,4,True,
2027-01-22,2027,1,5,True,
2027-01-23,2027,1,6,False,Fin de semana
2027-01-24,2027,1,7,False,Fin de semana
2027-01-25,2027,1,1,True,
2027-01-26,2027,1,2,True,
2027-01-27,2027,1,3,True,
2027-01-28,2027,1,4,True,
2027-01-29,2027,1,5,True,
2027-01-30,2027,1,6,False,Fin de semana
2027-01-31,2027,1,7,False,Fin de semana
2027-02-01,2027,2,1,False,Día de la Constitución (LFT art. 74)
2027-02-02,2027,2,2,True,
2027-02-03,2027,2,3,True,
2027-02-04,2027,2,4,True,
2027-02-05,2027,2,5,True,
2027-02-06,2027,2,6,False,Fin de semana
2027-02-07,2027,2,7,False,Fin de semana
2027-02-08,2027,2,1,True,
2027-02-09,2027,2,2,True,
2027-02-10,2027,2,3,True,
2027-02-11,2027,2,4,True,
2027-02-12,2027,2,5,True,
2027-02-13,2027,2,6,False,Fin de semana
2027-02-14,2027,2,7,False,Fin de semana
2027-02-15,2027,2,1,True,
2027-02-16,2027,2,2,True,
2027-02-17,2027,2,3,True,
2027-02-18,2027,2,4,True,
2027-02-19,2027,2,5,True,
2027-02-20,2027,2,6,False,Fin de semana
2027-02-21,2027,2,7,False,Fin de semana
2027-02-22,2027,2,1,True,
2027-02-23,2027,2,2,True,
2027-02-24,2027,2,3,True,
2027-02-25,2027,2,4,True,
2027-02-26,2027,2,5,True,
2027-02-27,2027,2,6,False,Fin de semana
2027-02-28,2027,2,7,False,Fin de semana
2027-03-01,2027,3,1,True,
2027-03-02,2027,3,2,True,
2027-03-03,2027,3,3,True,
2027-03-04,2027,3,4,True,
2027-03-05,2027,3,5,True,
2027-03-06,2027,3,6,False,Fin de semana
2027-03-07,2027,3,7,False,Fin de semana
2027-03-08,2027,3,1,True,
2027-03-09,2027,3,2,True,
2027-03-10,2027,3,3,True,
2027-03-11,2027,3,4,True,
2027-03-12,2027,3,5,True,
2027-03-13,2027,3,6,False,Fin de semana
2027-03-14,2027,3,7,False,Fin de semana
2027-03-15,2027,3,1,False,Natalicio de Benito Juárez (LFT art. 74)
2027-03-16,2027,3,2,True,
2027-03-17,2027,3,3,True,
2027-03-18,2027,3,4,True,
2027-03-19,2027,3,5,True,
2027-03-20,2027,3,6,False,Fin de semana
2027-03-21,2027,3,7,False,Fin de semana
2027-03-22,2027,3,1,True,
2027-03-23,2027,3,2,True,
2027-03-24,2027,3,3,True,
2027-03-25,2027,3,4,False,Jueves Santo (inhábil APF)
2027-03-26,2027,3,5,False,Viernes Santo (inhábil APF)
2027-03-27,2027,3,6,False,Fin de semana
2027-03-28,2027,3,7,False,Fin de semana
2027-03-29,2027,3,1,True,
2027-03-30,2027,3,2,True,
2027-03-31,2027,3,3,True,
2027-04-01,2027,4,4,True,
2027-04-02,2027,4,5,True,
2027-04-03,2027,4,6,False,Fin de semana
2027-04-04,2027,4,7,False,Fin de semana
2027-04-05,2027,4,1,True,
2027-04-06,2027,4,2,True,
2027-04-07,2027,4,3,True,
2027-04-08,2027,4,4,True,
2027-04-09,2027,4,5,True,
2027-04-10,2027,4,6,False,Fin de semana
2027-04-11,2027,4,7,False,Fin de semana
2027-04-12,2027,4,1,True,
2027-04-13,2027,4,2,True,
2027-04-14,2027,4,3,True,
2027-04-15,2027,4,4,True,
2027-04-16,2027,4,5,True,
2027-04-17,2027,4,6,False,Fin de semana
2027-04-18,2027,4,7,False,Fin de semana
2027-04-19,2027,4,1,True,
2027-04-20,2027,4,2,True,
2027-04-21,2027,4,3,True,
2027-04-22,2027,4,4,True,
2027-04-23,2027,4,5,True,
2027-04-24,2027,4,6,False,Fin de semana
2027-04-25,2027,4,7,False,Fin de semana
2027-04-26,2027,4,1,True,
2027-04-27,2027,4,2,True,
2027-04-28,2027,4,3,True,
2027-04-29,2027,4,4,True,
2027-04-30,2027,4,5,True,
2027-05-01,2027,5,6,False,Fin de semana
2027-05-02,2027,5,7,False,Fin de semana
2027-05-03,2027,5,1,True,
2027-05-04,2027,5,2,True,
2027-05-05,2027,5,3,True,
2027-05-06,2027,5,4,True,
2027-05-07,2027,5,5,True,
2027-05-08,2027,5,6,False,Fin de semana
2027-05-09,2027,5,7,False,Fin de semana
2027-05-10,2027,5,1,True,
2027-05-11,2027,5,2,True,
2027-05-12,2027,5,3,True,
2027-05-13,2027,5,4,True,
2027-05-14,2027,5,5,True,
2027-05-15,2027,5,6,False,Fin de semana
2027-05-16,2027,5,7,False,Fin de semana
2027-05-17,2027,5,1,True,
2027-05-18,2027,5,2,True,
2027-05-19,2027,5,3,True,
2027-05-20,2027,5,4,True,
2027-05-21,2027,5,5,True,
2027-05-22,2027,5,6,False,Fin de semana
2027-05-23,2027,5,7,False,Fin de semana
2027-05-24,2027,5,1,True,
2027-05-25,2027,5,2,True,
2027-05-26,2027,5,3,True,
2027-05-27,2027,5,4,True,
2027-05-28,2027,5,5,True,
2027-05-29,2027,5,6,False,Fin de semana
2027-05-30,2027,5,7,False,Fin de semana
2027-05-31,2027,5,1,True,
2027-06-01,2027,6,2,True,
2027-06-02,2027,6,3,True,
2027-06-03,2027,6,4,True,
2027-06-04,2027,6,5,True,
2027-06-05,2027,6,6,False,Fin de semana
2027-06-06,2027,6,7,False,Fin de semana
2027-06-07,2027,6,1,True,
2027-06-08,2027,6,2,True,
2027-06-09,2027,6,3,True,
2027-06-10,2027,6,4,True,
2027-06-11,2027,6,5,True,
2027-06-12,2027,6,6,False,Fin de semana
2027-06-13,2027,6,7,False,Fin de semana
2027-06-14,2027,6,1,True,
2027-06-15,2027,6,2,True,
2027-06-16,2027,6,3,True,
2027-06-17,2027,6,4,True,
2027-06-18,2027,6,5,True,
2027-06-19,2027,6,6,False,Fin de semana
2027-06-20,2027,6,7,False,Fin de semana
2027-06-21,2027,6,1,True,
2027-06-22,2027,6,2,True,
2027-06-23,2027,6,3,True,
2027-06-24,2027,6,4,True,
2027-06-25,2027,6,5,True,
2027-06-26,2027,6,6,False,Fin de semana
2027-06-27,2027,6,7,False,Fin de semana
2027-06-28,2027,6,1,True,
2027-06-29,2027,6,2,True,
2027-06-30,2027,6,3,True,
2027-07-01,2027,7,4,True,
2027-07-02,2027,7,5,True,
2027-07-03,2027,7,6,False,Fin de semana
2027-07-04,2027,7,7,False,Fin de semana
2027-07-05,2027,7,1,True,
2027-07-06,2027,7,2,True,
2027-07-07,2027,7,3,True,
2027-07-08,2027,7,4,True,
2027-07-09,2027,7,5,True,
2027-07-10,2027,7,6,False,Fin de semana
2027-07-11,2027,7,7,False,Fin de semana
2027-07-12,2027,7,1,True,
2027-07-13,2027,7,2,True,
2027-07-14,2027,7,3,True,
2027-07-15,2027,7,4,False,Periodo vacacional de verano (aproximado; confirmar acuerdo COFEPRIS)
2027-07-16,2027,7,5,False,Periodo vacacional de verano (aproximado; confirmar acuerdo COFEPRIS)
2027-07-17,2027,7,6,False,Fin de semana
2027-07-18,2027,7,7,False,Fin de semana
2027-07-19,2027,7,1,False,Periodo vacacional de verano (aproximado; confirmar acuerdo COFEPRIS)
2027-07-20,2027,7,2,False,Periodo vacacional de verano (aproximado; confirmar acuerdo COFEPRIS)
2027-07-21,2027,7,3,False,Periodo vacacional de verano (aproximado; confirmar acuerdo COFEPRIS)
2027-07-22,2027,7,4,False,Periodo vacacional de verano (aproximado; confirmar acuerdo COFEPRIS)
2027-07-23,2027,7,5,False,Periodo vacacional de verano (aproximado; confirmar acuerdo COFEPRIS)
2027-07-24,2027,7,6,False,Fin de semana
2027-07-25,2027,7,7,False,Fin de semana
2027-07-26,2027,7,1,False,Periodo vacacional de verano (aproximado; confirmar acuerdo COFEPRIS)
2027-07-27,2027,7,2,True,
2027-07-28,2027,7,3,True,
2027-07-29,2027,7,4,True,
2027-07-30,2027,7,5,True,
2027-07-31,2027,7,6,False,Fin de semana
2027-08-01,2027,8,7,False,Fin de semana
2027-08-02,2027,8,1,True,
2027-08-03,2027,8,2,True,
2027-08-04,2027,8,3,True,
2027-08-05,2027,8,4,True,
2027-08-06,2027,8,5,True,
2027-08-07,2027,8,6,False,Fin de semana
2027-08-08,2027,8,7,False,Fin de semana
2027-08-09,2027,8,1,True,
2027-08-10,2027,8,2,True,
2027-08-11,2027,8,3,True,
2027-08-12,2027,8,4,True,
2027-08-13,2027,8,5,True,
2027-08-14,2027,8,6,False,Fin de semana
2027-08-15,2027,8,7,False,Fin de semana
2027-08-16,2027,8,1,True,
2027-08-17,2027,8,2,True,
2027-08-18,2027,8,3,True,
2027-08-19,2027,8,4,True,
2027-08-20,2027,8,5,True,
2027-08-21,2027,8,6,False,Fin de semana
2027-08-22,2027,8,7,False,Fin de semana
2027-08-23,2027,8,1,True,
2027-08-24,2027,8,2,True,
2027-08-25,2027,8,3,True,
2027-08-26,2027,8,4,True,
2027-08-27,2027,8,5,True,
2027-08-28,2027,8,6,False,Fin de semana
2027-08-29,2027,8,7,False,Fin de semana
2027-08-30,2027,8,1,True,
2027-08-31,2027,8,2,True,
2027-09-01,2027,9,3,True,
2027-09-02,2027,9,4,True,
2027-09-03,2027,9,5,True,
2027-09-04,2027,9,6,False,Fin de semana
2027-09-05,2027,9,7,False,Fin de semana
2027-09-06,2027,9,1,True,
2027-09-07,2027,9,2,True,
2027-09-08,2027,9,3,True,
2027-09-09,2027,9,4,True,
2027-09-10,2027,9,5,True,
2027-09-11,2027,9,6,False,Fin de semana
2027-09-12,2027,9,7,False,Fin de semana
2027-09-13,2027,9,1,True,
2027-09-14,2027,9,2,True,
2027-09-15,2027,9,3,True,
2027-09-16,2027,9,4,False,Independencia (LFT art. 74)
2027-09-17,2027,9,5,True,
2027-09-18,2027,9,6,False,Fin de semana
2027-09-19,2027,9,7,False,Fin de semana
2027-09-20,2027,9,1,True,
2027-09-21,2027,9,2,True,
2027-09-22,2027,9,3,True,
2027-09-23,2027,9,4,True,
2027-09-24,2027,9,5,True,
2027-09-25,2027,9,6,False,Fin de semana
2027-09-26,2027,9,7,False,Fin de semana
2027-09-27,2027,9,1,True,
2027-09-28,2027,9,2,True,
2027-09-29,2027,9,3,True,
2027-09-30,2027,9,4,True,
2027-10-01,2027,10,5,True,
2027-10-02,2027,10,6,False,Fin de semana
2027-10-03,2027,10,7,False,Fin de semana
2027-10-04,2027,10,1,True,
2027-10-05,2027,10,2,True,
2027-10-06,2027,10,3,True,
2027-10-07,2027,10,4,True,
2027-10-08,2027,10,5,True,
2027-10-09,2027,10,6,False,Fin de semana
2027-10-10,2027,10,7,False,Fin de semana
2027-10-11,2027,10,1,True,
2027-10-12,2027,10,2,True,
2027-10-13,2027,10,3,True,
2027-10-14,2027,10,4,True,
2027-10-15,2027,10,5,True,
2027-10-16,2027,10,6,False,Fin de semana
2027-10-17,2027,10,7,False,Fin de semana
2027-10-18,2027,10,1,True,
2027-10-19,2027,10,2,True,
2027-10-20,2027,10,3,True,
2027-10-21,2027,10,4,True,
2027-10-22,2027,10,5,True,
2027-10-23,2027,10,6,False,Fin de semana
2027-10-24,2027,10,7,False,Fin de semana
2027-10-25,2027,10,1,True,
2027-10-26,2027,10,2,True,
2027-10-27,2027,10,3,True,
2027-10-28,2027,10,4,True,
2027-10-29,2027,10,5,True,
2027-10-30,2027,10,6,False,Fin de semana
2027-10-31,2027,10,7,False,Fin de semana
2027-11-01,2027,11,1,True,
2027-11-02,2027,11,2,False,"Día de Muertos (inhábil APF, habitual)"
2027-11-03,2027,11,3,True,
2027-11-04,2027,11,4,True,
2027-11-05,2027,11,5,True,
2027-11-06,2027,11,6,False,Fin de semana
2027-11-07,2027,11,7,False,Fin de semana
2027-11-08,2027,11,1,True,
2027-11-09,2027,11,2,True,
2027-11-10,2027,11,3,True,
2027-11-11,2027,11,4,True,
2027-11-12,2027,11,5,True,
2027-11-13,2027,11,6,False,Fin de semana
2027-11-14,2027,11,7,False,Fin de semana
2027-11-15,2027,11,1,False,Revolución Mexicana (LFT art. 74)
2027-11-16,2027,11,2,True,
2027-11-17,2027,11,3,True,
2027-11-18,2027,11,4,True,
2027-11-19,2027,11,5,True,
2027-11-20,2027,11,6,False,Fin de semana
2027-11-21,2027,11,7,False,Fin de semana
2027-11-22,2027,11,1,True,
2027-11-23,2027,11,2,True,
2027-11-24,2027,11,3,True,
2027-11-25,2027,11,4,True,
2027-11-26,2027,11,5,True,
2027-11-27,2027,11,6,False,Fin de semana
2027-11-28,2027,11,7,False,Fin de semana
2027-11-29,2027,11,1,True,
2027-11-30,2027,11,2,True,
2027-12-01,2027,12,3,True,
2027-12-02,2027,12,4,True,
2027-12-03,2027,12,5,True,
2027-12-04,2027,12,6,False,Fin de semana
2027-12-05,2027,12,7,False,Fin de semana
2027-12-06,2027,12,1,True,
2027-12-07,2027,12,2,True,
2027-12-08,2027,12,3,True,
2027-12-09,2027,12,4,True,
2027-12-10,2027,12,5,True,
2027-12-11,2027,12,6,False,Fin de semana
2027-12-12,2027,12,7,False,Fin de semana
2027-12-13,2027,12,1,True,
2027-12-14,2027,12,2,True,
2027-12-15,2027,12,3,True,
2027-12-16,2027,12,4,True,
2027-12-17,2027,12,5,True,
2027-12-18,2027,12,6,False,Fin de semana
2027-12-19,2027,12,7,False,Fin de semana
2027-12-20,2027,12,1,False,Periodo vacacional de fin de año (aproximado; confirmar acuerdo COFEPRIS)
2027-12-21,2027,12,2,False,Periodo vacacional de fin de año (aproximado; confirmar acuerdo COFEPRIS)
2027-12-22,2027,12,3,False,Periodo vacacional de fin de año (aproximado; confirmar acuerdo COFEPRIS)
2027-12-23,2027,12,4,False,Periodo vacacional de fin de año (aproximado; confirmar acuerdo COFEPRIS)
2027-12-24,2027,12,5,False,Periodo vacacional de fin de año (aproximado; confirmar acuerdo COFEPRIS)
2027-12-25,2027,12,6,False,Fin de semana
2027-12-26,2027,12,7,False,Fin de semana
2027-12-27,2027,12,1,False,Periodo vacacional de fin de año (aproximado; confirmar acuerdo COFEPRIS)
2027-12-28,2027,12,2,False,Periodo vacacional de fin de año (aproximado; confirmar acuerdo COFEPRIS)
2027-12-29,2027,12,3,False,Periodo vacacional de fin de año (aproximado; confirmar acuerdo COFEPRIS)
2027-12-30,2027,12,4,False,Periodo vacacional de fin de año (aproximado; confirmar acuerdo COFEPRIS)
2027-12-31,2027,12,5,False,Periodo vacacional de fin de año (aproximado; confirmar acuerdo COFEPRIS)
