prevencion_id,tramite_id,numero_oficio,tipo,fecha_emision,fecha_aviso_correo,fecha_limite_apertura,fecha_apertura,notificada_por_estrados,fecha_surte_efectos,plazo_dias_habiles,fecha_limite_respuesta,fecha_respuesta,num_observaciones,estatus,dictaminador_simulado
PV0001,TR-2023-001,CAS/DERS/4489/2023,Técnica,2023-08-09,2023-08-09,2023-08-16,2023-08-15,False,2023-08-16,15,2023-09-05,2023-09-04,4,Atendida,Federico Castañeda Arevalo
PV0002,TR-2023-002,CAS/DEAPE/4980/2023,Técnica,2023-12-01,2023-12-01,2023-12-08,2023-12-01,False,2023-12-04,10,2024-01-02,2023-12-08,7,Atendida,Karina Saldivar Abrego
PV0003,TR-2023-004,CAS/DEAPE/1993/2023,Técnica,2023-11-08,2023-11-08,2023-11-15,2023-11-08,False,2023-11-09,10,2023-11-23,2023-11-21,3,Atendida,Antonia Gaytán Arellano
PV0004,TR-2023-005,CAS/DEAPE/1736/2024,Técnica,2024-01-02,2024-01-02,2024-01-09,2024-01-02,False,2024-01-03,10,2024-01-16,2024-01-15,5,Atendida,Ruby Guevara Fuentes
PV0005,TR-2023-007,CAS/DEAPE/1320/2024,Técnica,2024-01-02,2024-01-02,2024-01-09,2024-01-09,False,2024-01-10,10,2024-01-23,2024-01-22,4,Atendida,Federico Castañeda Arevalo
PV0006,TR-2023-008,CAS/DEAPE/8534/2024,Técnica,2024-01-02,2024-01-02,2024-01-09,2024-01-08,False,2024-01-09,15,2024-01-29,2024-01-24,7,Atendida,Federico Castañeda Arevalo
PV0007,TR-2024-006,CAS/DEAPE/5658/2024,Técnica,2024-01-22,2024-01-22,2024-01-29,2024-01-22,False,2024-01-23,20,2024-02-20,2024-02-13,3,Atendida,Dalia Salgado de la O
PV0008,TR-2024-007,CAS/DERS/3377/2024,Técnica,2024-01-19,2024-01-19,2024-01-26,,True,2024-01-30,15,2024-02-20,,6,Vencida,Aurelio Ponce Zelaya
PV0009,TR-2024-008,CAS/DEAPE/9756/2024,Técnica,2024-02-22,2024-02-22,2024-02-29,2024-02-23,False,2024-02-26,15,2024-03-15,,2,Vencida,Dalia Salgado de la O
PV0010,TR-2024-009,CAS/DEAPE/2573/2024,Técnica,2024-02-19,2024-02-19,2024-02-26,2024-02-19,False,2024-02-20,10,2024-03-04,2024-02-27,4,Atendida,Federico Castañeda Arevalo
PV0011,TR-2024-010,CAS/DERS/7309/2024,Administrativa,2024-04-29,2024-04-29,2024-05-07,2024-04-30,False,2024-05-02,5,2024-05-08,2024-05-08,7,Atendida,Ruby Guevara Fuentes
PV0012,TR-2024-011,CAS/DEAPE/6376/2024,Técnica,2024-03-14,2024-03-14,2024-03-22,2024-03-14,False,2024-03-15,15,2024-04-09,2024-04-09,5,Atendida,Karina Saldivar Abrego
PV0013,TR-2024-013,CAS/DERS/7754/2024,Administrativa,2024-04-08,2024-04-08,2024-04-15,2024-04-08,False,2024-04-09,20,2024-05-07,2024-04-30,4,Atendida,Ruby Guevara Fuentes
PV0014,TR-2024-014,CAS/DEAPE/9509/2024,Administrativa,2024-06-10,2024-06-10,2024-06-17,2024-06-12,False,2024-06-13,20,2024-07-10,2024-07-08,6,Atendida,Karina Saldivar Abrego
PV0015,TR-2024-016,CAS/DERS/3114/2024,Técnica,2024-05-10,2024-05-10,2024-05-17,2024-05-13,False,2024-05-14,15,2024-06-03,2024-06-03,3,Atendida,Aurelio Ponce Zelaya
PV0016,TR-2024-017,CAS/DEAPE/2533/2024,Administrativa,2024-05-15,2024-05-15,2024-05-22,2024-05-16,False,2024-05-17,20,2024-06-13,2024-06-06,5,Atendida,Ruby Guevara Fuentes
PV0017,TR-2024-018,CAS/DEAPE/4199/2024,Técnica,2024-05-20,2024-05-20,2024-05-27,,True,2024-05-29,5,2024-06-04,2024-05-30,6,Atendida,Antonia Gaytán Arellano
PV0018,TR-2024-020,CAS/DERS/2103/2024,Técnica,2024-07-29,2024-07-29,2024-08-05,2024-07-30,False,2024-07-31,10,2024-08-13,2024-08-09,5,Atendida,Dalia Salgado de la O
PV0019,TR-2024-021,CAS/DEAPE/8027/2024,Administrativa,2024-06-10,2024-06-10,2024-06-17,2024-06-14,False,2024-06-17,20,2024-07-12,2024-07-04,5,Atendida,Antonia Gaytán Arellano
PV0020,TR-2024-022,CAS/DEAPE/7471/2024,Técnica,2024-06-17,2024-06-17,2024-06-24,2024-06-17,False,2024-06-18,20,2024-07-29,2024-07-12,5,Atendida,Antonia Gaytán Arellano
PV0021,TR-2024-024,CAS/DEAPE/2330/2024,Administrativa,2024-08-12,2024-08-12,2024-08-19,2024-08-13,False,2024-08-14,15,2024-09-03,2024-08-26,5,Atendida,Ruby Guevara Fuentes
PV0022,TR-2024-026,CAS/DERS/5901/2024,Administrativa,2024-08-16,2024-08-16,2024-08-23,2024-08-19,False,2024-08-20,10,2024-09-02,2024-08-27,2,Atendida,Karina Saldivar Abrego
PV0023,TR-2024-027,CAS/DERS/6945/2024,Administrativa,2024-08-12,2024-08-12,2024-08-19,,True,2024-08-21,10,2024-09-03,2024-09-03,7,Atendida,Karina Saldivar Abrego
PV0024,TR-2024-029,CAS/DERS/5268/2024,Técnica,2024-09-09,2024-09-09,2024-09-17,2024-09-10,False,2024-09-11,15,2024-10-03,2024-09-26,2,Atendida,Ruby Guevara Fuentes
PV0025,TR-2024-031,CAS/DEAPE/2601/2024,Administrativa,2024-10-31,2024-10-31,2024-11-07,2024-10-31,False,2024-11-01,15,2024-11-22,2024-11-22,4,Atendida,Dalia Salgado de la O
PV0026,TR-2024-032,CAS/DEAPE/5710/2024,Técnica,2024-09-19,2024-09-19,2024-09-26,2024-09-23,False,2024-09-24,10,2024-10-08,2024-10-08,1,Atendida,Ruby Guevara Fuentes
PV0027,TR-2024-033,CAS/DERS/6638/2024,Técnica,2024-09-18,2024-09-18,2024-09-25,2024-09-23,False,2024-09-24,20,2024-10-22,2024-10-16,5,Atendida,Antonia Gaytán Arellano
PV0028,TR-2024-034,CAS/DEAPE/1477/2024,Administrativa,2024-09-19,2024-09-19,2024-09-26,2024-09-19,False,2024-09-20,15,2024-10-11,2024-10-07,2,Atendida,Federico Castañeda Arevalo
PV0029,TR-2024-035,CAS/DEAPE/6259/2024,Técnica,2024-10-03,2024-10-03,2024-10-10,2024-10-08,False,2024-10-09,15,2024-10-29,2024-10-22,4,Atendida,Ruby Guevara Fuentes
PV0030,TR-2024-036,CAS/DERS/3788/2024,Técnica,2024-10-07,2024-10-07,2024-10-14,2024-10-08,False,2024-10-09,10,2024-10-22,,4,Vencida,Karina Saldivar Abrego
PV0031,TR-2024-038,CAS/DEAPE/4338/2025,Administrativa,2025-01-06,2025-01-06,2025-01-13,2025-01-07,False,2025-01-08,10,2025-01-21,2025-01-21,5,Atendida,Ruby Guevara Fuentes
PV0032,TR-2024-040,CAS/DEAPE/3549/2025,Técnica,2025-01-02,2025-01-02,2025-01-09,2025-01-06,False,2025-01-07,5,2025-01-13,2025-01-07,2,Atendida,Karina Saldivar Abrego
PV0033,TR-2024-041,CAS/DERS/8915/2024,Administrativa,2024-12-17,2024-12-17,2025-01-08,2025-01-03,False,2025-01-06,10,2025-01-17,2025-01-14,7,Atendida,Karina Saldivar Abrego
PV0034,TR-2025-001,CAS/DEAPE/9094/2025,Técnica,2025-01-13,2025-01-13,2025-01-20,2025-01-13,False,2025-01-14,10,2025-01-27,2025-01-24,3,Atendida,Federico Castañeda Arevalo
PV0035,TR-2025-003,CAS/DERS/3713/2025,Técnica,2025-01-14,2025-01-14,2025-01-21,2025-01-14,False,2025-01-15,10,2025-01-28,2025-01-24,6,Atendida,Ruby Guevara Fuentes
PV0036,TR-2025-004,CAS/DEAPE/4845/2025,Técnica,2025-01-20,2025-01-20,2025-01-27,2025-01-21,False,2025-01-22,20,2025-02-19,2025-02-14,7,Atendida,Antonia Gaytán Arellano
PV0037,TR-2025-005,CAS/DEAPE/3494/2025,Técnica,2025-01-20,2025-01-20,2025-01-27,2025-01-20,False,2025-01-21,20,2025-02-18,2025-02-14,2,Atendida,Antonia Gaytán Arellano
PV0038,TR-2025-006,CAS/DERS/7836/2025,Técnica,2025-03-19,2025-03-19,2025-03-26,2025-03-20,False,2025-03-21,15,2025-04-10,,6,Vencida,Dalia Salgado de la O
PV0039,TR-2025-008,CAS/DEAPE/1028/2025,Técnica,2025-01-30,2025-01-30,2025-02-07,2025-01-30,False,2025-01-31,20,2025-02-28,2025-02-21,1,Atendida,Aurelio Ponce Zelaya
PV0040,TR-2025-009,CAS/DERS/9528/2025,Técnica,2025-02-06,2025-02-06,2025-02-13,2025-02-12,False,2025-02-13,10,2025-02-26,2025-02-18,6,Atendida,Karina Saldivar Abrego
PV0041,TR-2025-010,CAS/DEAPE/3791/2025,Técnica,2025-02-17,2025-02-17,2025-02-24,2025-02-19,False,2025-02-20,10,2025-03-05,2025-02-25,5,Atendida,Antonia Gaytán Arellano
PV0042,TR-2025-011,CAS/DEAPE/2331/2025,Técnica,2025-02-21,2025-02-21,2025-02-28,2025-02-21,False,2025-02-24,10,2025-03-07,2025-03-05,1,Atendida,Aurelio Ponce Zelaya
PV0043,TR-2025-013,CAS/DERS/3260/2025,Administrativa,2025-03-13,2025-03-13,2025-03-21,2025-03-13,False,2025-03-14,10,2025-03-28,2025-03-24,4,Atendida,Antonia Gaytán Arellano
PV0044,TR-2025-014,CAS/DEAPE/5381/2025,Técnica,2025-03-10,2025-03-10,2025-03-18,2025-03-11,False,2025-03-12,10,2025-03-26,2025-03-18,4,Atendida,Antonia Gaytán Arellano
PV0045,TR-2025-015,CAS/DEAPE/6345/2025,Técnica,2025-05-07,2025-05-07,2025-05-14,2025-05-14,False,2025-05-15,10,2025-05-28,2025-05-23,3,Atendida,Federico Castañeda Arevalo
PV0046,TR-2025-019,CAS/DERS/9422/2025,Técnica,2025-03-27,2025-03-27,2025-04-03,2025-03-27,False,2025-03-28,20,2025-04-28,2025-04-28,1,Atendida,Aurelio Ponce Zelaya
PV0047,TR-2025-020,CAS/DERS/8066/2025,Administrativa,2025-04-09,2025-04-09,2025-04-16,2025-04-10,False,2025-04-11,15,2025-05-06,2025-04-28,2,Atendida,Federico Castañeda Arevalo
PV0048,TR-2025-022,CAS/DEAPE/6571/2025,Administrativa,2025-04-14,2025-04-14,2025-04-23,2025-04-21,False,2025-04-22,20,2025-05-20,2025-05-20,2,Atendida,Aurelio Ponce Zelaya
PV0049,TR-2025-024,CAS/DEAPE/3315/2025,Técnica,2025-05-06,2025-05-06,2025-05-13,2025-05-06,False,2025-05-07,10,2025-05-20,2025-05-19,5,Atendida,Karina Saldivar Abrego
PV0050,TR-2025-026,CAS/DEAPE/5866/2025,Técnica,2025-05-20,2025-05-20,2025-05-27,2025-05-23,False,2025-05-26,20,2025-06-20,2025-06-20,5,Atendida,Aurelio Ponce Zelaya
PV0051,TR-2025-029,CAS/DERS/4427/2025,Técnica,2025-05-27,2025-05-27,2025-06-03,2025-05-28,False,2025-05-29,10,2025-06-11,2025-06-06,4,Atendida,Aurelio Ponce Zelaya
PV0052,TR-2025-034,CAS/DEAPE/8009/2025,Técnica,2025-07-28,2025-07-28,2025-08-04,2025-08-01,False,2025-08-04,5,2025-08-08,,3,Vencida,Aurelio Ponce Zelaya
PV0053,TR-2025-038,CAS/DERS/6104/2025,Técnica,2025-07-14,2025-07-14,2025-08-01,2025-07-14,False,2025-07-28,10,2025-08-08,2025-08-04,5,Atendida,Dalia Salgado de la O
PV0054,TR-2025-041,CAS/DERS/7863/2025,Técnica,2025-08-04,2025-08-04,2025-08-11,2025-08-05,False,2025-08-06,10,2025-08-19,2025-08-15,4,Atendida,Federico Castañeda Arevalo
PV0055,TR-2025-042,CAS/DERS/9718/2025,Técnica,2025-08-11,2025-08-11,2025-08-18,2025-08-13,False,2025-08-14,5,2025-08-20,2025-08-15,4,Atendida,Dalia Salgado de la O
PV0056,TR-2025-044,CAS/DEAPE/8316/2025,Administrativa,2025-08-18,2025-08-18,2025-08-25,2025-08-20,False,2025-08-21,10,2025-09-03,2025-09-01,4,Atendida,Federico Castañeda Arevalo
PV0057,TR-2025-046,CAS/DEAPE/1188/2025,Administrativa,2025-08-28,2025-08-28,2025-09-04,2025-09-01,False,2025-09-02,15,2025-09-23,2025-09-18,1,Atendida,Dalia Salgado de la O
PV0058,TR-2025-049,CAS/DEAPE/6900/2025,Técnica,2025-10-06,2025-10-06,2025-10-13,,True,2025-10-15,20,2025-11-11,2025-11-06,4,Atendida,Karina Saldivar Abrego
PV0059,TR-2025-050,CAS/DERS/3832/2025,Administrativa,2025-09-18,2025-09-18,2025-09-25,2025-09-24,False,2025-09-25,15,2025-10-15,2025-10-07,6,Atendida,Dalia Salgado de la O
PV0060,TR-2025-052,CAS/DERS/4231/2025,Administrativa,2025-09-23,2025-09-23,2025-09-30,2025-09-23,False,2025-09-24,10,2025-10-07,2025-09-29,3,Atendida,Antonia Gaytán Arellano
PV0061,TR-2025-055,CAS/DEAPE/2595/2025,Técnica,2025-10-03,2025-10-03,2025-10-10,2025-10-08,False,2025-10-09,15,2025-10-29,2025-10-28,4,Atendida,Karina Saldivar Abrego
PV0062,TR-2025-057,CAS/DERS/3195/2025,Técnica,2025-10-14,2025-10-14,2025-10-21,2025-10-17,False,2025-10-20,15,2025-11-07,2025-11-04,3,Atendida,Aurelio Ponce Zelaya
PV0063,TR-2025-060,CAS/DEAPE/8805/2025,Técnica,2025-11-07,2025-11-07,2025-11-14,2025-11-11,False,2025-11-12,5,2025-11-19,2025-11-18,6,Atendida,Karina Saldivar Abrego
PV0064,TR-2025-061,CAS/DEAPE/8548/2025,Técnica,2025-11-25,2025-11-25,2025-12-02,,True,2025-12-04,15,2026-01-09,2026-01-08,4,Atendida,Aurelio Ponce Zelaya
PV0065,TR-2025-062,CAS/DERS/2352/2025,Técnica,2025-12-01,2025-12-01,2025-12-08,2025-12-02,False,2025-12-03,5,2025-12-09,2025-12-09,3,Atendida,Antonia Gaytán Arellano
PV0066,TR-2025-066,CAS/DERS/5798/2026,Técnica,2026-01-02,2026-01-02,2026-01-09,2026-01-05,False,2026-01-06,15,2026-01-26,2026-01-21,6,Atendida,Karina Saldivar Abrego
PV0067,TR-2026-001,CAS/DEAPE/3539/2026,Técnica,2026-01-09,2026-01-09,2026-01-16,2026-01-09,False,2026-01-12,10,2026-01-23,2026-01-19,4,Atendida,Dalia Salgado de la O
PV0068,TR-2026-004,CAS/DEAPE/1322/2026,Técnica,2026-01-15,2026-01-15,2026-01-22,2026-01-15,False,2026-01-16,20,2026-02-13,2026-02-12,4,Atendida,Federico Castañeda Arevalo
PV0069,TR-2026-005,CAS/DERS/8690/2026,Administrativa,2026-01-19,2026-01-19,2026-01-26,2026-01-19,False,2026-01-20,20,2026-02-17,2026-02-09,3,Atendida,Federico Castañeda Arevalo
PV0070,TR-2026-006,CAS/DERS/8630/2026,Técnica,2026-01-26,2026-01-26,2026-02-03,2026-01-26,False,2026-01-27,10,2026-02-10,2026-02-10,5,Atendida,Antonia Gaytán Arellano
PV0071,TR-2026-007,CAS/DERS/7431/2026,Técnica,2026-01-22,2026-01-22,2026-01-29,2026-01-23,False,2026-01-26,10,2026-02-09,2026-01-29,6,Atendida,Federico Castañeda Arevalo
PV0072,TR-2026-008,CAS/DERS/4373/2026,Técnica,2026-03-02,2026-03-02,2026-03-09,2026-03-03,False,2026-03-04,20,2026-04-01,2026-03-27,1,Atendida,Antonia Gaytán Arellano
PV0073,TR-2026-010,CAS/DERS/9587/2026,Técnica,2026-03-05,2026-03-05,2026-03-12,2026-03-06,False,2026-03-09,5,2026-03-13,2026-03-13,2,Atendida,Antonia Gaytán Arellano
PV0074,TR-2026-014,CAS/DERS/5351/2026,Administrativa,2026-04-15,2026-04-15,2026-04-22,2026-04-15,False,2026-04-16,5,2026-04-22,2026-04-17,1,Atendida,Ruby Guevara Fuentes
PV0075,TR-2026-016,CAS/DEAPE/5342/2026,Técnica,2026-05-07,2026-05-07,2026-05-14,2026-05-07,False,2026-05-08,10,2026-05-21,2026-05-14,7,Atendida,Federico Castañeda Arevalo
PV0076,TR-2026-017,CAS/DERS/3563/2026,Técnica,2026-09-30,2026-09-30,2026-10-07,2026-10-01,False,2026-10-02,10,2026-10-15,,3,Abierta,Antonia Gaytán Arellano
PV0077,TR-2026-018,CAS/DEAPE/1464/2026,Técnica,2026-06-08,2026-06-08,2026-06-15,,True,2026-06-17,10,2026-06-30,2026-06-25,7,Atendida,Ruby Guevara Fuentes
PV0078,TR-2026-020,CAS/DERS/5879/2026,Técnica,2026-06-15,2026-06-15,2026-06-22,2026-06-18,False,2026-06-19,10,2026-07-02,2026-07-02,1,Atendida,Federico Castañeda Arevalo
PV0079,TR-2026-021,CAS/DERS/1275/2026,Técnica,2026-06-22,2026-06-22,2026-06-29,2026-06-22,False,2026-06-23,10,2026-07-06,2026-07-03,4,Atendida,Ruby Guevara Fuentes
PV0080,TR-2026-022,CAS/DERS/4450/2026,Técnica,2026-10-05,2026-10-05,2026-10-12,,False,,10,,,2,Sin abrir,Aurelio Ponce Zelaya
PV0081,TR-2026-025,CAS/DEAPE/3496/2026,Técnica,2026-09-28,2026-09-28,2026-10-05,2026-09-29,False,2026-09-30,15,2026-10-20,,5,Abierta,Antonia Gaytán Arellano
PV0082,TR-2026-026,CAS/DERS/8350/2026,Técnica,2026-06-29,2026-06-29,2026-07-06,2026-06-30,False,2026-07-01,20,2026-08-07,2026-08-05,4,Atendida,Karina Saldivar Abrego
PV0083,TR-2026-027,CAS/DERS/4380/2026,Técnica,2026-07-27,2026-07-27,2026-08-03,2026-07-28,False,2026-07-29,15,2026-08-18,2026-08-12,5,Atendida,Karina Saldivar Abrego
PV0084,TR-2026-028,CAS/DEAPE/4890/2026,Técnica,2026-07-06,2026-07-06,2026-07-13,2026-07-08,False,2026-07-09,5,2026-07-27,2026-07-09,3,Atendida,Dalia Salgado de la O
PV0085,TR-2026-029,CAS/DERS/8304/2026,Técnica,2026-08-24,2026-08-24,2026-08-31,2026-08-25,False,2026-08-26,20,2026-09-23,2026-09-18,2,Atendida,Aurelio Ponce Zelaya
PV0086,TR-2026-031,CAS/DEAPE/9191/2026,Técnica,2026-07-27,2026-07-27,2026-08-03,2026-07-28,False,2026-07-29,5,2026-08-04,2026-07-31,3,Atendida,Antonia Gaytán Arellano
PV0087,TR-2026-035,CAS/DERS/9614/2026,Técnica,2026-08-06,2026-08-06,2026-08-13,2026-08-06,False,2026-08-07,15,2026-08-27,,4,Vencida,Dalia Salgado de la O
