producto_id,denominacion_generica,denominacion_distintiva,forma_farmaceutica,concentracion,tipo_producto,area_terapeutica,cronico,registro_sanitario,fecha_registro,presentacion,fabricante_farmaco,pais_fabricante_farmaco,fraccion_lgs_226,titular_registro,fecha_vencimiento_registro,fecha_limite_solicitar_prorroga,dias_para_vencimiento,estatus_registro
P01,Metformina,Altaformin,Tableta,850 mg,Genérico,Endocrinología,True,214M2017 SSA,2017-03-14,Caja con 30 tabletas,"Química Fina del Bajío, S.A. de C.V.",México,IV,"Laboratorios Altamira, S.A. de C.V.",2022-03-14,2021-10-15,-1667,Vigente
P02,Atorvastatina,,Tableta,20 mg,Genérico,Cardiología,True,087M2019 SSA,2019-06-21,Caja con 30 tabletas,Shreya Organics Pvt. Ltd.,India,IV,"Laboratorios Altamira, S.A. de C.V.",2029-06-21,2029-01-22,989,Vigente
P03,Losartán potásico,Losaltam,Tableta,50 mg,Genérico,Cardiología,True,352M2021 SSA,2021-11-26,Caja con 30 tabletas,"Zhejiang Hengli Pharmaceutical Co., Ltd.",China,IV,"Laboratorios Altamira, S.A. de C.V.",2026-11-26,2026-06-29,51,Vigente
P04,Omeprazol,,Cápsula de liberación retardada,20 mg,Genérico,Gastroenterología,False,129M2018 SSA,2018-01-30,Caja con 14 cápsulas,"Química Fina del Bajío, S.A. de C.V.",México,IV,"Laboratorios Altamira, S.A. de C.V.",2023-01-30,2022-09-02,-1345,Vigente
P05,Amlodipino,,Tableta,5 mg,Genérico,Cardiología,True,403M2020 SSA,2020-09-08,Caja con 30 tabletas,Shreya Organics Pvt. Ltd.,India,IV,"Laboratorios Altamira, S.A. de C.V.",2030-09-08,2030-04-11,1433,Vigente
P06,Clopidogrel,,Tableta,75 mg,Genérico,Cardiología,True,061M2022 SSA,2022-04-19,Caja con 28 tabletas,"Iberquímica Farma, S.L.",España,IV,"Laboratorios Altamira, S.A. de C.V.",2027-04-19,2026-11-20,195,Vigente
P07,Sertralina,,Tableta,50 mg,Genérico,Psiquiatría,True,298M2023 SSA,2023-12-05,Caja con 14 tabletas,"Iberquímica Farma, S.L.",España,IV,"Laboratorios Altamira, S.A. de C.V.",2028-12-05,2028-07-08,791,Vigente
P08,Rosuvastatina,,Tableta,10 mg,Genérico,Cardiología,True,,,Caja con 30 tabletas,"Zhejiang Hengli Pharmaceutical Co., Ltd.",China,IV,"Laboratorios Altamira, S.A. de C.V.",,,,En trámite
P09,Sitagliptina,,Tableta,100 mg,Genérico,Endocrinología,True,,,Caja con 28 tabletas,Kavya Lifesciences Pvt. Ltd.,India,IV,"Laboratorios Altamira, S.A. de C.V.",,,,En desarrollo
P10,Adalimumab,Adalitam,Solución inyectable,40 mg/0.4 mL,Biocomparable,Reumatología,True,,,Caja con 2 jeringas prellenadas con 0.4 mL,BioNorte Biologics GmbH,Alemania,IV,"Laboratorios Altamira, S.A. de C.V.",,,,En trámite
P11,Trastuzumab,Trastalam,Solución inyectable,440 mg,Biocomparable,Oncología,False,045M2024 SSA,2024-08-13,Caja con frasco ámpula con liofilizado y frasco ámpula con 20 mL de diluyente,BioNorte Biologics GmbH,Alemania,IV,"Laboratorios Altamira, S.A. de C.V.",2029-08-13,2029-03-16,1042,Vigente
P12,"Tefazurán (ALT-417, ficticio)",,Tableta,40 mg,Molécula nueva,Cardiología,True,,,Caja con 30 tabletas,"Laboratorios Altamira, S.A. de C.V. (planta de síntesis)",México,IV,"Laboratorios Altamira, S.A. de C.V.",,,,En desarrollo
