respuesta_id,prevencion_id,tramite_id,fecha_envio,folio_acuse,num_documentos_adjuntos,elaborada_por,aprobada_por,dias_habiles_usados,resultado_final
RE0001,PV0001,TR-2023-001,2023-09-04,ACU-2023-111111,5,U04,U01,14,Aprobado
RE0002,PV0002,TR-2023-002,2023-12-08,ACU-2023-355004,7,U04,U01,5,Aprobado
RE0003,PV0003,TR-2023-004,2023-11-21,ACU-2023-481935,4,U04,U01,8,Aprobado
RE0004,PV0004,TR-2023-005,2024-01-15,ACU-2024-936498,7,U04,U01,9,Aprobado
RE0005,PV0005,TR-2023-007,2024-01-22,ACU-2024-458850,5,U02,U01,9,Aprobado
RE0006,PV0006,TR-2023-008,2024-01-24,ACU-2024-508334,8,U05,U01,12,Aprobado
RE0007,PV0007,TR-2024-006,2024-02-13,ACU-2024-208011,5,U05,U01,15,Aprobado
RE0008,PV0010,TR-2024-009,2024-02-27,ACU-2024-900202,5,U04,U01,6,Aprobado
RE0009,PV0011,TR-2024-010,2024-05-08,ACU-2024-534760,9,U05,U01,5,Aprobado
RE0010,PV0012,TR-2024-011,2024-04-09,ACU-2024-631683,6,U05,U01,15,Aprobado
RE0011,PV0013,TR-2024-013,2024-04-30,ACU-2024-857007,5,U03,U01,16,Aprobado
RE0012,PV0014,TR-2024-014,2024-07-08,ACU-2024-413301,7,U04,U01,18,Negado
RE0013,PV0015,TR-2024-016,2024-06-03,ACU-2024-893898,3,U04,U01,15,Aprobado
RE0014,PV0016,TR-2024-017,2024-06-06,ACU-2024-554899,7,U04,U01,15,Aprobado
RE0015,PV0017,TR-2024-018,2024-05-30,ACU-2024-666314,8,U03,U01,2,Aprobado
RE0016,PV0018,TR-2024-020,2024-08-09,ACU-2024-391066,7,U04,U01,8,Aprobado
RE0017,PV0019,TR-2024-021,2024-07-04,ACU-2024-269273,5,U02,U01,14,Aprobado
RE0018,PV0020,TR-2024-022,2024-07-12,ACU-2024-134108,7,U05,U01,19,Negado
RE0019,PV0021,TR-2024-024,2024-08-26,ACU-2024-704132,6,U05,U01,9,Aprobado
RE0020,PV0022,TR-2024-026,2024-08-27,ACU-2024-712550,2,U05,U01,6,Aprobado
RE0021,PV0023,TR-2024-027,2024-09-03,ACU-2024-480021,7,U03,U01,10,Aprobado
RE0022,PV0024,TR-2024-029,2024-09-26,ACU-2024-105153,2,U03,U01,11,Aprobado
RE0023,PV0025,TR-2024-031,2024-11-22,ACU-2024-421244,5,U04,U01,15,Aprobado
RE0024,PV0026,TR-2024-032,2024-10-08,ACU-2024-508742,3,U05,U01,10,Aprobado
RE0025,PV0027,TR-2024-033,2024-10-16,ACU-2024-890071,5,U02,U01,16,Aprobado
RE0026,PV0028,TR-2024-034,2024-10-07,ACU-2024-771304,2,U02,U01,11,Aprobado
RE0027,PV0029,TR-2024-035,2024-10-22,ACU-2024-568037,5,U03,U01,10,Aprobado
RE0028,PV0031,TR-2024-038,2025-01-21,ACU-2025-855918,7,U03,U01,10,Aprobado
RE0029,PV0032,TR-2024-040,2025-01-07,ACU-2025-498516,3,U04,U01,1,Aprobado
RE0030,PV0033,TR-2024-041,2025-01-14,ACU-2025-478871,7,U02,U01,7,Aprobado
RE0031,PV0034,TR-2025-001,2025-01-24,ACU-2025-572378,4,U02,U01,9,Aprobado
RE0032,PV0035,TR-2025-003,2025-01-24,ACU-2025-451445,7,U03,U01,8,Negado
RE0033,PV0036,TR-2025-004,2025-02-14,ACU-2025-216327,7,U05,U01,17,Aprobado
RE0034,PV0037,TR-2025-005,2025-02-14,ACU-2025-806925,4,U02,U01,18,Aprobado
RE0035,PV0039,TR-2025-008,2025-02-21,ACU-2025-539487,3,U02,U01,15,Aprobado
RE0036,PV0040,TR-2025-009,2025-02-18,ACU-2025-450549,8,U04,U01,4,Aprobado
RE0037,PV0041,TR-2025-010,2025-02-25,ACU-2025-182890,6,U02,U01,4,Aprobado
RE0038,PV0042,TR-2025-011,2025-03-05,ACU-2025-855968,3,U05,U01,8,Aprobado
RE0039,PV0043,TR-2025-013,2025-03-24,ACU-2025-147062,4,U05,U01,6,Negado
RE0040,PV0044,TR-2025-014,2025-03-18,ACU-2025-880571,5,U03,U01,4,Aprobado
RE0041,PV0045,TR-2025-015,2025-05-23,ACU-2025-668723,3,U04,U01,7,Aprobado
RE0042,PV0046,TR-2025-019,2025-04-28,ACU-2025-983959,2,U03,U01,20,Aprobado
RE0043,PV0047,TR-2025-020,2025-04-28,ACU-2025-826859,2,U04,U01,10,Aprobado
RE0044,PV0048,TR-2025-022,2025-05-20,ACU-2025-841122,2,U02,U01,20,Negado
RE0045,PV0049,TR-2025-024,2025-05-19,ACU-2025-882939,5,U03,U01,9,Aprobado
RE0046,PV0050,TR-2025-026,2025-06-20,ACU-2025-222436,6,U05,U01,20,Negado
RE0047,PV0051,TR-2025-029,2025-06-06,ACU-2025-819842,4,U02,U01,7,Aprobado
RE0048,PV0053,TR-2025-038,2025-08-04,ACU-2025-744372,6,U04,U01,6,Aprobado
RE0049,PV0054,TR-2025-041,2025-08-15,ACU-2025-227323,4,U02,U01,8,Aprobado
RE0050,PV0055,TR-2025-042,2025-08-15,ACU-2025-691671,6,U03,U01,2,Aprobado
RE0051,PV0056,TR-2025-044,2025-09-01,ACU-2025-570569,4,U02,U01,8,Negado
RE0052,PV0057,TR-2025-046,2025-09-18,ACU-2025-331340,3,U03,U01,12,Aprobado
RE0053,PV0058,TR-2025-049,2025-11-06,ACU-2025-311133,5,U03,U01,17,Aprobado
RE0054,PV0059,TR-2025-050,2025-10-07,ACU-2025-968790,6,U05,U01,9,Negado
RE0055,PV0060,TR-2025-052,2025-09-29,ACU-2025-799835,3,U05,U01,4,Aprobado
RE0056,PV0061,TR-2025-055,2025-10-28,ACU-2025-463361,5,U05,U01,14,Aprobado
RE0057,PV0062,TR-2025-057,2025-11-04,ACU-2025-952712,5,U04,U01,12,Aprobado
RE0058,PV0063,TR-2025-060,2025-11-18,ACU-2025-735732,6,U02,U01,4,Aprobado
RE0059,PV0064,TR-2025-061,2026-01-08,ACU-2026-959133,5,U05,U01,14,Aprobado
RE0060,PV0065,TR-2025-062,2025-12-09,ACU-2025-115365,3,U05,U01,5,Aprobado
RE0061,PV0066,TR-2025-066,2026-01-21,ACU-2026-692997,6,U03,U01,12,Aprobado
RE0062,PV0067,TR-2026-001,2026-01-19,ACU-2026-599094,5,U04,U01,6,Aprobado
RE0063,PV0068,TR-2026-004,2026-02-12,ACU-2026-406409,5,U04,U01,19,Aprobado
RE0064,PV0069,TR-2026-005,2026-02-09,ACU-2026-547247,4,U03,U01,14,Negado
RE0065,PV0070,TR-2026-006,2026-02-10,ACU-2026-270118,5,U02,U01,10,Aprobado
RE0066,PV0071,TR-2026-007,2026-01-29,ACU-2026-273367,6,U04,U01,4,Aprobado
RE0067,PV0072,TR-2026-008,2026-03-27,ACU-2026-823010,1,U05,U01,17,Aprobado
RE0068,PV0073,TR-2026-010,2026-03-13,ACU-2026-196556,4,U02,U01,5,Aprobado
RE0069,PV0074,TR-2026-014,2026-04-17,ACU-2026-926810,1,U03,U01,2,Aprobado
RE0070,PV0075,TR-2026-016,2026-05-14,ACU-2026-916665,7,U04,U01,5,Aprobado
RE0071,PV0077,TR-2026-018,2026-06-25,ACU-2026-837931,7,U05,U01,7,Aprobado
RE0072,PV0078,TR-2026-020,2026-07-02,ACU-2026-236510,2,U03,U01,10,Aprobado
RE0073,PV0079,TR-2026-021,2026-07-03,ACU-2026-633151,6,U03,U01,9,Aprobado
RE0074,PV0082,TR-2026-026,2026-08-05,ACU-2026-846708,5,U04,U01,18,Aprobado
RE0075,PV0083,TR-2026-027,2026-08-12,ACU-2026-257702,6,U04,U01,11,Aprobado
RE0076,PV0084,TR-2026-028,2026-07-09,ACU-2026-849194,3,U05,U01,1,Aprobado
RE0077,PV0085,TR-2026-029,2026-09-18,ACU-2026-406596,2,U02,U01,17,En evaluación
RE0078,PV0086,TR-2026-031,2026-07-31,ACU-2026-647609,4,U03,U01,3,Aprobado
