tramite_id,producto_id,producto,homoclave,tipo_tramite,familia,descripcion,folio_digipris,fecha_inicio_integracion,fecha_ingreso,fecha_objetivo_envio,fecha_resolucion,etapa,estatus,resultado,dias_en_cofepris,tuvo_prevencion,plazo_resolucion,fundamento_plazo,responsable_id,es_activo
TR-2023-001,P07,Sertralina 50 mg,COFEPRIS-04-004-B,Registro sanitario de medicamento alopático genérico (fabricación nacional),Registro nuevo,Registro Sertralina 50 mg,DGP-2023-43911,2023-05-13,2023-06-12,,2023-12-05,Resuelto,Concluido,Aprobado,176,True,180 días naturales,RIS art. 166-I,U04,False
TR-2023-002,P01,Metformina 850 mg,COFEPRIS-04-004-B,Registro sanitario de medicamento alopático genérico (fabricación nacional),Registro nuevo,Registro Metformina 500 mg,DGP-2023-57432,2023-07-29,2023-10-16,,2024-04-15,Resuelto,Concluido,Aprobado,182,True,180 días naturales,RIS art. 166-I,U04,False
TR-2023-003,P01,Metformina 850 mg,COFEPRIS-04-015-A,Modificación a las condiciones del registro sanitario sin cambio de proceso,Modificación,Cambio de especificaciones del producto terminado,DGP-2023-26110,2023-07-29,2023-10-16,,2023-11-07,Resuelto,Concluido,Aprobado,22,False,30 días hábiles,Acuerdo DOF 13/02/2017,U05,False
TR-2023-004,P06,Clopidogrel 75 mg,COFEPRIS-04-015-A,Modificación a las condiciones del registro sanitario sin cambio de proceso,Modificación,Cambio de proveedor del fármaco,DGP-2023-24916,2023-09-08,2023-10-30,,2023-12-05,Resuelto,Concluido,Aprobado,36,True,30 días hábiles,Acuerdo DOF 13/02/2017,U04,False
TR-2023-005,P11,Trastuzumab 440 mg,COFEPRIS-04-004-G,Registro sanitario de medicamento biotecnológico biocomparable (fabricación nacional),Registro nuevo,Registro Trastuzumab 440 mg,DGP-2023-51476,2023-10-09,2023-11-21,,2024-08-13,Resuelto,Concluido,Aprobado,266,True,180 días naturales,"RIS arts. 166, 177",U04,False
TR-2023-006,P02,Atorvastatina 20 mg,COFEPRIS-04-016-A,Modificación a las condiciones del registro sanitario con cambio de proceso,Modificación,Cambio en el proceso de granulación,DGP-2023-91495,2023-09-29,2023-11-22,,2024-01-02,Resuelto,Concluido,Aprobado,41,False,45 días hábiles,Acuerdo DOF 13/02/2017,U02,False
TR-2023-007,P02,Atorvastatina 20 mg,COFEPRIS-04-004-B,Registro sanitario de medicamento alopático genérico (fabricación nacional),Registro nuevo,Registro Atorvastatina 40 mg,DGP-2023-80363,2023-09-20,2023-11-27,,2024-06-10,Resuelto,Concluido,Aprobado,196,True,180 días naturales,RIS art. 166-I,U02,False
TR-2023-008,P05,Amlodipino 5 mg,COFEPRIS-04-014-A,Modificación por cambio de sitio de fabricación,Modificación,Cambio de sitio de acondicionamiento secundario,DGP-2023-57310,2023-09-01,2023-11-27,,2024-03-07,Resuelto,Concluido,Aprobado,101,True,45 días hábiles,Acuerdo DOF 13/02/2017,U05,False
TR-2023-009,P02,Atorvastatina 20 mg,COFEPRIS-04-015-A,Modificación a las condiciones del registro sanitario sin cambio de proceso,Modificación,Inclusión de presentación comercial,DGP-2023-95387,2023-09-02,2023-11-29,,2024-01-26,Resuelto,Concluido,Aprobado,58,False,30 días hábiles,Acuerdo DOF 13/02/2017,U05,False
TR-2023-010,P05,Amlodipino 5 mg,COFEPRIS-04-014-A,Modificación por cambio de sitio de fabricación,Modificación,Inclusión de sitio alterno de fabricación,DGP-2023-77705,2023-09-14,2023-12-13,,2024-02-01,Resuelto,Concluido,Aprobado,50,False,45 días hábiles,Acuerdo DOF 13/02/2017,U05,False
TR-2023-011,P02,Atorvastatina 20 mg,COFEPRIS-04-023-A,Prórroga del registro sanitario de medicamento alopático o biotecnológico,Prórroga,Prórroga del registro sanitario,DGP-2023-12143,2023-10-13,2023-12-18,,2024-03-25,Resuelto,Concluido,Aprobado,98,False,120 días naturales,RIS art. 190 Bis 6,U04,False
TR-2024-001,P01,Metformina 850 mg,COFEPRIS-04-016-A,Modificación a las condiciones del registro sanitario con cambio de proceso,Modificación,Cambio en el proceso de granulación,DGP-2024-89304,2023-10-08,2024-01-02,,2024-02-07,Resuelto,Concluido,Aprobado,36,False,45 días hábiles,Acuerdo DOF 13/02/2017,U02,False
TR-2024-002,P07,Sertralina 50 mg,COFEPRIS-04-015-A,Modificación a las condiciones del registro sanitario sin cambio de proceso,Modificación,Inclusión de presentación comercial,DGP-2024-45429,2023-10-04,2024-01-02,,2024-02-01,Resuelto,Concluido,Aprobado,30,False,30 días hábiles,Acuerdo DOF 13/02/2017,U02,False
TR-2024-003,P05,Amlodipino 5 mg,COFEPRIS-04-015-A,Modificación a las condiciones del registro sanitario sin cambio de proceso,Modificación,Cambio de denominación distintiva,DGP-2024-91835,2023-10-11,2024-01-02,,2024-02-06,Resuelto,Concluido,Aprobado,35,False,30 días hábiles,Acuerdo DOF 13/02/2017,U05,False
TR-2024-004,P06,Clopidogrel 75 mg,COFEPRIS-04-015-A,Modificación a las condiciones del registro sanitario sin cambio de proceso,Modificación,Actualización de la IPP por seguridad,DGP-2024-58469,2023-10-06,2024-01-02,,2024-01-30,Resuelto,Concluido,Aprobado,28,False,30 días hábiles,Acuerdo DOF 13/02/2017,U05,False
TR-2024-005,P02,Atorvastatina 20 mg,COFEPRIS-04-015-A,Modificación a las condiciones del registro sanitario sin cambio de proceso,Modificación,Actualización de textos de etiqueta,DGP-2024-61568,2023-10-28,2024-01-02,,2024-02-12,Resuelto,Concluido,Aprobado,41,False,30 días hábiles,Acuerdo DOF 13/02/2017,U03,False
TR-2024-006,P05,Amlodipino 5 mg,COFEPRIS-04-015-A,Modificación a las condiciones del registro sanitario sin cambio de proceso,Modificación,Actualización de la IPP por seguridad,DGP-2024-63962,2023-11-02,2024-01-09,,2024-03-11,Resuelto,Concluido,Aprobado,62,True,30 días hábiles,Acuerdo DOF 13/02/2017,U05,False
TR-2024-007,P04,Omeprazol 20 mg,COFEPRIS-04-016-A,Modificación a las condiciones del registro sanitario con cambio de proceso,Modificación,Cambio de tamaño de lote,DGP-2024-85625,2023-11-11,2024-01-10,,2024-03-01,Resuelto,Concluido,Desechado,51,True,45 días hábiles,Acuerdo DOF 13/02/2017,U04,False
TR-2024-008,P03,Losartán potásico 50 mg,COFEPRIS-04-004-B,Registro sanitario de medicamento alopático genérico (fabricación nacional),Registro nuevo,Registro Losartán potásico 100 mg,DGP-2024-32416,2023-12-11,2024-01-22,,2024-04-01,Resuelto,Concluido,Desechado,70,True,180 días naturales,RIS art. 166-I,U05,False
TR-2024-009,P03,Losartán potásico 50 mg,COFEPRIS-04-015-A,Modificación a las condiciones del registro sanitario sin cambio de proceso,Modificación,Cambio de material de envase secundario,DGP-2024-35865,2023-11-15,2024-02-06,,2024-03-25,Resuelto,Concluido,Aprobado,48,True,30 días hábiles,Acuerdo DOF 13/02/2017,U04,False
TR-2024-010,P05,Amlodipino 5 mg,COFEPRIS-04-004-B,Registro sanitario de medicamento alopático genérico (fabricación nacional),Registro nuevo,Registro Amlodipino 10 mg,DGP-2024-67876,2024-01-12,2024-03-04,,2024-06-19,Resuelto,Concluido,Aprobado,107,True,180 días naturales,RIS art. 166-I,U05,False
TR-2024-011,P02,Atorvastatina 20 mg,COFEPRIS-04-015-A,Modificación a las condiciones del registro sanitario sin cambio de proceso,Modificación,Cambio de proveedor del fármaco,DGP-2024-23197,2023-12-13,2024-03-05,,2024-04-22,Resuelto,Concluido,Aprobado,48,True,30 días hábiles,Acuerdo DOF 13/02/2017,U05,False
TR-2024-012,P03,Losartán potásico 50 mg,COFEPRIS-04-015-A,Modificación a las condiciones del registro sanitario sin cambio de proceso,Modificación,Actualización de la IPP por seguridad,DGP-2024-34648,2023-12-31,2024-03-13,,2024-04-08,Resuelto,Concluido,Aprobado,26,False,30 días hábiles,Acuerdo DOF 13/02/2017,U05,False
TR-2024-013,P02,Atorvastatina 20 mg,COFEPRIS-04-015-A,Modificación a las condiciones del registro sanitario sin cambio de proceso,Modificación,Cambio de denominación distintiva,DGP-2024-69589,2024-01-22,2024-03-27,,2024-05-14,Resuelto,Concluido,Aprobado,48,True,30 días hábiles,Acuerdo DOF 13/02/2017,U03,False
TR-2024-014,P07,Sertralina 50 mg,COFEPRIS-04-004-B,Registro sanitario de medicamento alopático genérico (fabricación nacional),Registro nuevo,Registro Sertralina 100 mg,DGP-2024-35740,2024-01-31,2024-04-15,,2024-09-17,Resuelto,Concluido,Negado,155,True,180 días naturales,RIS art. 166-I,U04,False
TR-2024-015,P01,Metformina 850 mg,COFEPRIS-04-015-A,Modificación a las condiciones del registro sanitario sin cambio de proceso,Modificación,Actualización de la IPP por seguridad,DGP-2024-52141,2024-03-17,2024-04-19,,2024-05-14,Resuelto,Concluido,Aprobado,25,False,30 días hábiles,Acuerdo DOF 13/02/2017,U04,False
TR-2024-016,P04,Omeprazol 20 mg,COFEPRIS-04-015-A,Modificación a las condiciones del registro sanitario sin cambio de proceso,Modificación,Cambio de proveedor del fármaco,DGP-2024-28966,2024-02-13,2024-04-29,,2024-06-24,Resuelto,Concluido,Aprobado,56,True,30 días hábiles,Acuerdo DOF 13/02/2017,U04,False
TR-2024-017,P05,Amlodipino 5 mg,COFEPRIS-04-014-A,Modificación por cambio de sitio de fabricación,Modificación,Cambio de sitio de acondicionamiento secundario,DGP-2024-45021,2024-03-07,2024-05-06,,2024-07-29,Resuelto,Concluido,Aprobado,84,True,45 días hábiles,Acuerdo DOF 13/02/2017,U04,False
TR-2024-018,P07,Sertralina 50 mg,COFEPRIS-04-015-A,Modificación a las condiciones del registro sanitario sin cambio de proceso,Modificación,Cambio de material de envase secundario,DGP-2024-12382,2024-02-19,2024-05-06,,2024-06-12,Resuelto,Concluido,Aprobado,37,True,30 días hábiles,Acuerdo DOF 13/02/2017,U03,False
TR-2024-019,P06,Clopidogrel 75 mg,COFEPRIS-04-014-A,Modificación por cambio de sitio de fabricación,Modificación,Cambio de sitio de acondicionamiento secundario,DGP-2024-10799,2024-04-14,2024-05-21,,2024-07-29,Resuelto,Concluido,Aprobado,69,False,45 días hábiles,Acuerdo DOF 13/02/2017,U05,False
TR-2024-020,P04,Omeprazol 20 mg,COFEPRIS-04-004-B,Registro sanitario de medicamento alopático genérico (fabricación nacional),Registro nuevo,Registro Omeprazol 40 mg,DGP-2024-61761,2024-03-16,2024-06-03,,2024-10-28,Resuelto,Concluido,Aprobado,147,True,180 días naturales,RIS art. 166-I,U04,False
TR-2024-021,P06,Clopidogrel 75 mg,COFEPRIS-04-015-A,Modificación a las condiciones del registro sanitario sin cambio de proceso,Modificación,Cambio de material de envase secundario,DGP-2024-19810,2024-04-01,2024-06-03,,2024-07-29,Resuelto,Concluido,Aprobado,56,True,30 días hábiles,Acuerdo DOF 13/02/2017,U02,False
TR-2024-022,P06,Clopidogrel 75 mg,COFEPRIS-04-015-A,Modificación a las condiciones del registro sanitario sin cambio de proceso,Modificación,Actualización de la IPP por seguridad,DGP-2024-47038,2024-03-06,2024-06-03,,2024-08-02,Resuelto,Concluido,Negado,60,True,30 días hábiles,Acuerdo DOF 13/02/2017,U05,False
TR-2024-023,P05,Amlodipino 5 mg,COFEPRIS-04-015-A,Modificación a las condiciones del registro sanitario sin cambio de proceso,Modificación,Actualización de textos de etiqueta,DGP-2024-58488,2024-05-18,2024-07-10,,2024-08-23,Resuelto,Concluido,Aprobado,44,False,30 días hábiles,Acuerdo DOF 13/02/2017,U02,False
TR-2024-024,P03,Losartán potásico 50 mg,COFEPRIS-04-015-A,Modificación a las condiciones del registro sanitario sin cambio de proceso,Modificación,Actualización de textos de etiqueta,DGP-2024-20091,2024-05-11,2024-07-29,,2024-09-09,Resuelto,Concluido,Aprobado,42,True,30 días hábiles,Acuerdo DOF 13/02/2017,U05,False
TR-2024-025,P02,Atorvastatina 20 mg,COFEPRIS-04-015-A,Modificación a las condiciones del registro sanitario sin cambio de proceso,Modificación,Actualización de textos de etiqueta,DGP-2024-61279,2024-06-10,2024-07-29,,2024-08-26,Resuelto,Concluido,Aprobado,28,False,30 días hábiles,Acuerdo DOF 13/02/2017,U04,False
TR-2024-026,P03,Losartán potásico 50 mg,COFEPRIS-04-016-A,Modificación a las condiciones del registro sanitario con cambio de proceso,Modificación,Cambio en el proceso de granulación,DGP-2024-57746,2024-05-21,2024-08-05,,2024-10-03,Resuelto,Concluido,Aprobado,59,True,45 días hábiles,Acuerdo DOF 13/02/2017,U05,False
TR-2024-027,P06,Clopidogrel 75 mg,COFEPRIS-04-015-A,Modificación a las condiciones del registro sanitario sin cambio de proceso,Modificación,Cambio de denominación distintiva,DGP-2024-55360,2024-06-02,2024-08-07,,2024-09-17,Resuelto,Concluido,Aprobado,41,True,30 días hábiles,Acuerdo DOF 13/02/2017,U03,False
TR-2024-028,P04,Omeprazol 20 mg,COFEPRIS-04-015-A,Modificación a las condiciones del registro sanitario sin cambio de proceso,Modificación,Actualización de la IPP por seguridad,DGP-2024-67577,2024-06-26,2024-09-02,,2024-09-30,Resuelto,Concluido,Aprobado,28,False,30 días hábiles,Acuerdo DOF 13/02/2017,U04,False
TR-2024-029,P03,Losartán potásico 50 mg,COFEPRIS-04-015-A,Modificación a las condiciones del registro sanitario sin cambio de proceso,Modificación,Cambio de material de envase secundario,DGP-2024-57402,2024-06-07,2024-09-02,,2024-10-14,Resuelto,Concluido,Aprobado,42,True,30 días hábiles,Acuerdo DOF 13/02/2017,U03,False
TR-2024-030,P06,Clopidogrel 75 mg,COFEPRIS-04-015-A,Modificación a las condiciones del registro sanitario sin cambio de proceso,Modificación,Actualización de textos de etiqueta,DGP-2024-19468,2024-06-17,2024-09-02,,2024-10-03,Resuelto,Concluido,Aprobado,31,False,30 días hábiles,Acuerdo DOF 13/02/2017,U02,False
TR-2024-031,P06,Clopidogrel 75 mg,COFEPRIS-04-004-B,Registro sanitario de medicamento alopático genérico (fabricación nacional),Registro nuevo,Registro Clopidogrel 300 mg,DGP-2024-50191,2024-06-29,2024-09-09,,2025-02-24,Resuelto,Concluido,Aprobado,168,True,180 días naturales,RIS art. 166-I,U04,False
TR-2024-032,P05,Amlodipino 5 mg,COFEPRIS-04-015-A,Modificación a las condiciones del registro sanitario sin cambio de proceso,Modificación,Cambio de denominación distintiva,DGP-2024-85292,2024-06-16,2024-09-09,,2024-11-04,Resuelto,Concluido,Aprobado,56,True,30 días hábiles,Acuerdo DOF 13/02/2017,U05,False
TR-2024-033,P03,Losartán potásico 50 mg,COFEPRIS-04-015-A,Modificación a las condiciones del registro sanitario sin cambio de proceso,Modificación,Cambio de denominación distintiva,DGP-2024-72243,2024-06-12,2024-09-10,,2024-11-11,Resuelto,Concluido,Aprobado,62,True,30 días hábiles,Acuerdo DOF 13/02/2017,U02,False
TR-2024-034,P01,Metformina 850 mg,COFEPRIS-04-015-A,Modificación a las condiciones del registro sanitario sin cambio de proceso,Modificación,Cambio de proveedor del fármaco,DGP-2024-33490,2024-08-03,2024-09-10,,2024-11-07,Resuelto,Concluido,Aprobado,58,True,30 días hábiles,Acuerdo DOF 13/02/2017,U02,False
TR-2024-035,P11,Trastuzumab 440 mg,COFEPRIS-04-015-A,Modificación a las condiciones del registro sanitario sin cambio de proceso,Modificación,Cambio de proveedor del fármaco,DGP-2024-62647,2024-07-16,2024-09-26,,2024-11-19,Resuelto,Concluido,Aprobado,54,True,30 días hábiles,Acuerdo DOF 13/02/2017,U03,False
TR-2024-036,P07,Sertralina 50 mg,COFEPRIS-04-015-A,Modificación a las condiciones del registro sanitario sin cambio de proceso,Modificación,Cambio de especificaciones del producto terminado,DGP-2024-69827,2024-08-17,2024-09-30,,2024-11-12,Resuelto,Concluido,Desechado,43,True,30 días hábiles,Acuerdo DOF 13/02/2017,U03,False
TR-2024-037,P02,Atorvastatina 20 mg,COFEPRIS-04-016-A,Modificación a las condiciones del registro sanitario con cambio de proceso,Modificación,Cambio en el proceso de granulación,DGP-2024-96429,2024-10-05,2024-11-07,,2025-01-02,Resuelto,Concluido,Aprobado,56,False,45 días hábiles,Acuerdo DOF 13/02/2017,U04,False
TR-2024-038,P01,Metformina 850 mg,COFEPRIS-04-004-B,Registro sanitario de medicamento alopático genérico (fabricación nacional),Registro nuevo,Registro Metformina 1000 mg,DGP-2024-22829,2024-09-11,2024-11-11,,2025-03-03,Resuelto,Concluido,Aprobado,112,True,180 días naturales,RIS art. 166-I,U03,False
TR-2024-039,P02,Atorvastatina 20 mg,COFEPRIS-04-015-A,Modificación a las condiciones del registro sanitario sin cambio de proceso,Modificación,Cambio de denominación distintiva,DGP-2024-63334,2024-09-29,2024-11-19,,2025-01-02,Resuelto,Concluido,Aprobado,44,False,30 días hábiles,Acuerdo DOF 13/02/2017,U02,False
TR-2024-040,P01,Metformina 850 mg,COFEPRIS-04-015-A,Modificación a las condiciones del registro sanitario sin cambio de proceso,Modificación,Cambio de especificaciones del producto terminado,DGP-2024-91363,2024-09-24,2024-11-29,,2025-01-24,Resuelto,Concluido,Aprobado,56,True,30 días hábiles,Acuerdo DOF 13/02/2017,U04,False
TR-2024-041,P06,Clopidogrel 75 mg,COFEPRIS-04-015-A,Modificación a las condiciones del registro sanitario sin cambio de proceso,Modificación,Cambio de especificaciones del producto terminado,DGP-2024-23627,2024-10-21,2024-12-02,,2025-02-21,Resuelto,Concluido,Aprobado,81,True,30 días hábiles,Acuerdo DOF 13/02/2017,U02,False
TR-2024-042,P07,Sertralina 50 mg,COFEPRIS-04-015-A,Modificación a las condiciones del registro sanitario sin cambio de proceso,Modificación,Cambio de especificaciones del producto terminado,DGP-2024-58530,2024-11-07,2024-12-13,,2025-01-20,Resuelto,Concluido,Aprobado,38,False,30 días hábiles,Acuerdo DOF 13/02/2017,U04,False
TR-2024-043,P01,Metformina 850 mg,COFEPRIS-04-015-A,Modificación a las condiciones del registro sanitario sin cambio de proceso,Modificación,Cambio de material de envase secundario,DGP-2024-86774,2024-11-06,2024-12-16,,2025-01-24,Resuelto,Concluido,Aprobado,39,False,30 días hábiles,Acuerdo DOF 13/02/2017,U04,False
TR-2025-001,P11,Trastuzumab 440 mg,COFEPRIS-04-016-A,Modificación a las condiciones del registro sanitario con cambio de proceso,Modificación,Cambio de equipo de compresión de diferente principio de operación,DGP-2025-47960,2024-10-19,2025-01-02,,2025-03-07,Resuelto,Concluido,Aprobado,64,True,45 días hábiles,Acuerdo DOF 13/02/2017,U02,False
TR-2025-002,P11,Trastuzumab 440 mg,COFEPRIS-04-015-A,Modificación a las condiciones del registro sanitario sin cambio de proceso,Modificación,Inclusión de presentación comercial,DGP-2025-46914,2024-11-16,2025-01-06,,2025-02-17,Resuelto,Concluido,Aprobado,42,False,30 días hábiles,Acuerdo DOF 13/02/2017,U05,False
TR-2025-003,P01,Metformina 850 mg,COFEPRIS-04-015-A,Modificación a las condiciones del registro sanitario sin cambio de proceso,Modificación,Cambio de material de envase secundario,DGP-2025-51349,2024-10-24,2025-01-06,,2025-02-04,Resuelto,Concluido,Negado,29,True,30 días hábiles,Acuerdo DOF 13/02/2017,U03,False
TR-2025-004,P05,Amlodipino 5 mg,COFEPRIS-04-015-A,Modificación a las condiciones del registro sanitario sin cambio de proceso,Modificación,Cambio de denominación distintiva,DGP-2025-40862,2024-11-01,2025-01-07,,2025-03-06,Resuelto,Concluido,Aprobado,58,True,30 días hábiles,Acuerdo DOF 13/02/2017,U05,False
TR-2025-005,P01,Metformina 850 mg,COFEPRIS-04-015-A,Modificación a las condiciones del registro sanitario sin cambio de proceso,Modificación,Cambio de proveedor del fármaco,DGP-2025-41761,2024-10-24,2025-01-13,,2025-03-13,Resuelto,Concluido,Aprobado,59,True,30 días hábiles,Acuerdo DOF 13/02/2017,U02,False
TR-2025-006,P08,Rosuvastatina 10 mg,COFEPRIS-04-004-B,Registro sanitario de medicamento alopático genérico (fabricación nacional),Registro nuevo,Registro Rosuvastatina 20 mg,DGP-2025-42962,2024-12-18,2025-01-20,,2025-05-13,Resuelto,Concluido,Desechado,113,True,180 días naturales,RIS art. 166-I,U03,False
TR-2025-007,P02,Atorvastatina 20 mg,COFEPRIS-04-015-A,Modificación a las condiciones del registro sanitario sin cambio de proceso,Modificación,Cambio de proveedor del fármaco,DGP-2025-36048,2024-12-16,2025-01-20,,2025-02-20,Resuelto,Concluido,Aprobado,31,False,30 días hábiles,Acuerdo DOF 13/02/2017,U03,False
TR-2025-008,P11,Trastuzumab 440 mg,COFEPRIS-04-015-A,Modificación a las condiciones del registro sanitario sin cambio de proceso,Modificación,Cambio de denominación distintiva,DGP-2025-39303,2024-11-20,2025-01-21,,2025-03-20,Resuelto,Concluido,Aprobado,58,True,30 días hábiles,Acuerdo DOF 13/02/2017,U02,False
TR-2025-009,P11,Trastuzumab 440 mg,COFEPRIS-04-015-A,Modificación a las condiciones del registro sanitario sin cambio de proceso,Modificación,Inclusión de presentación comercial,DGP-2025-56810,2024-11-09,2025-01-31,,2025-03-24,Resuelto,Concluido,Aprobado,52,True,30 días hábiles,Acuerdo DOF 13/02/2017,U04,False
TR-2025-010,P04,Omeprazol 20 mg,COFEPRIS-04-015-A,Modificación a las condiciones del registro sanitario sin cambio de proceso,Modificación,Actualización de textos de etiqueta,DGP-2025-34803,2024-12-08,2025-02-10,,2025-03-18,Resuelto,Concluido,Aprobado,36,True,30 días hábiles,Acuerdo DOF 13/02/2017,U02,False
TR-2025-011,P03,Losartán potásico 50 mg,COFEPRIS-04-015-A,Modificación a las condiciones del registro sanitario sin cambio de proceso,Modificación,Cambio de proveedor del fármaco,DGP-2025-90821,2024-11-24,2025-02-10,,2025-03-28,Resuelto,Concluido,Aprobado,46,True,30 días hábiles,Acuerdo DOF 13/02/2017,U05,False
TR-2025-012,P04,Omeprazol 20 mg,COFEPRIS-04-015-A,Modificación a las condiciones del registro sanitario sin cambio de proceso,Modificación,Cambio de material de envase secundario,DGP-2025-91150,2024-12-23,2025-02-19,,2025-04-01,Resuelto,Concluido,Negado,41,False,30 días hábiles,Acuerdo DOF 13/02/2017,U03,False
TR-2025-013,P03,Losartán potásico 50 mg,COFEPRIS-04-014-A,Modificación por cambio de sitio de fabricación,Modificación,Inclusión de sitio alterno de fabricación,DGP-2025-98142,2025-01-18,2025-02-21,,2025-04-09,Resuelto,Concluido,Negado,47,True,45 días hábiles,Acuerdo DOF 13/02/2017,U05,False
TR-2025-014,P04,Omeprazol 20 mg,COFEPRIS-04-015-A,Modificación a las condiciones del registro sanitario sin cambio de proceso,Modificación,Actualización de textos de etiqueta,DGP-2025-81810,2024-12-06,2025-03-03,,2025-04-02,Resuelto,Concluido,Aprobado,30,True,30 días hábiles,Acuerdo DOF 13/02/2017,U03,False
TR-2025-015,P02,Atorvastatina 20 mg,COFEPRIS-04-004-B,Registro sanitario de medicamento alopático genérico (fabricación nacional),Registro nuevo,Registro Atorvastatina 80 mg,DGP-2025-80415,2025-01-16,2025-03-10,,2025-07-07,Resuelto,Concluido,Aprobado,119,True,180 días naturales,RIS art. 166-I,U04,False
TR-2025-016,P07,Sertralina 50 mg,COFEPRIS-04-015-A,Modificación a las condiciones del registro sanitario sin cambio de proceso,Modificación,Cambio de proveedor del fármaco,DGP-2025-76179,2025-01-08,2025-03-11,,2025-04-21,Resuelto,Concluido,Aprobado,41,False,30 días hábiles,Acuerdo DOF 13/02/2017,U05,False
TR-2025-017,P11,Trastuzumab 440 mg,COFEPRIS-04-015-A,Modificación a las condiciones del registro sanitario sin cambio de proceso,Modificación,Inclusión de presentación comercial,DGP-2025-66115,2024-12-21,2025-03-18,,2025-04-28,Resuelto,Concluido,Negado,41,False,30 días hábiles,Acuerdo DOF 13/02/2017,U02,False
TR-2025-018,P03,Losartán potásico 50 mg,COFEPRIS-04-016-A,Modificación a las condiciones del registro sanitario con cambio de proceso,Modificación,Cambio de tamaño de lote,DGP-2025-54177,2024-12-29,2025-03-19,,2025-05-09,Resuelto,Concluido,Aprobado,51,False,45 días hábiles,Acuerdo DOF 13/02/2017,U02,False
TR-2025-019,P04,Omeprazol 20 mg,COFEPRIS-04-015-A,Modificación a las condiciones del registro sanitario sin cambio de proceso,Modificación,Cambio de material de envase secundario,DGP-2025-48583,2025-01-01,2025-03-20,,2025-05-19,Resuelto,Concluido,Aprobado,60,True,30 días hábiles,Acuerdo DOF 13/02/2017,U03,False
TR-2025-020,P05,Amlodipino 5 mg,COFEPRIS-04-023-A,Prórroga del registro sanitario de medicamento alopático o biotecnológico,Prórroga,Prórroga del registro sanitario,DGP-2025-55871,2025-01-31,2025-03-24,,2025-07-11,Resuelto,Concluido,Aprobado,109,True,120 días naturales,RIS art. 190 Bis 6,U04,False
TR-2025-021,P06,Clopidogrel 75 mg,COFEPRIS-04-015-A,Modificación a las condiciones del registro sanitario sin cambio de proceso,Modificación,Cambio de especificaciones del producto terminado,DGP-2025-35743,2025-01-25,2025-03-24,,2025-04-21,Resuelto,Concluido,Negado,28,False,30 días hábiles,Acuerdo DOF 13/02/2017,U03,False
TR-2025-022,P04,Omeprazol 20 mg,COFEPRIS-04-014-A,Modificación por cambio de sitio de fabricación,Modificación,Inclusión de sitio alterno de fabricación,DGP-2025-70195,2025-01-24,2025-03-27,,2025-07-02,Resuelto,Concluido,Negado,97,True,45 días hábiles,Acuerdo DOF 13/02/2017,U02,False
TR-2025-023,P03,Losartán potásico 50 mg,COFEPRIS-04-015-A,Modificación a las condiciones del registro sanitario sin cambio de proceso,Modificación,Actualización de textos de etiqueta,DGP-2025-59630,2025-01-28,2025-04-11,,2025-05-22,Resuelto,Concluido,Aprobado,41,False,30 días hábiles,Acuerdo DOF 13/02/2017,U04,False
TR-2025-024,P06,Clopidogrel 75 mg,COFEPRIS-04-015-A,Modificación a las condiciones del registro sanitario sin cambio de proceso,Modificación,Inclusión de presentación comercial,DGP-2025-63110,2025-03-24,2025-04-28,,2025-06-12,Resuelto,Concluido,Aprobado,45,True,30 días hábiles,Acuerdo DOF 13/02/2017,U03,False
TR-2025-025,P05,Amlodipino 5 mg,COFEPRIS-04-014-A,Modificación por cambio de sitio de fabricación,Modificación,Cambio de sitio de acondicionamiento secundario,DGP-2025-71875,2025-01-31,2025-04-28,,2025-06-19,Resuelto,Concluido,Aprobado,52,False,45 días hábiles,Acuerdo DOF 13/02/2017,U04,False
TR-2025-026,P11,Trastuzumab 440 mg,COFEPRIS-04-016-A,Modificación a las condiciones del registro sanitario con cambio de proceso,Modificación,Cambio en el proceso de granulación,DGP-2025-12942,2025-03-09,2025-05-02,,2025-07-28,Resuelto,Concluido,Negado,87,True,45 días hábiles,Acuerdo DOF 13/02/2017,U05,False
TR-2025-027,P02,Atorvastatina 20 mg,COFEPRIS-04-015-A,Modificación a las condiciones del registro sanitario sin cambio de proceso,Modificación,Cambio de especificaciones del producto terminado,DGP-2025-14071,2025-02-19,2025-05-07,,2025-06-16,Resuelto,Concluido,Aprobado,40,False,30 días hábiles,Acuerdo DOF 13/02/2017,U03,False
TR-2025-028,P07,Sertralina 50 mg,COFEPRIS-04-015-A,Modificación a las condiciones del registro sanitario sin cambio de proceso,Modificación,Cambio de denominación distintiva,DGP-2025-68826,2025-03-24,2025-05-12,,2025-06-20,Resuelto,Concluido,Aprobado,39,False,30 días hábiles,Acuerdo DOF 13/02/2017,U03,False
TR-2025-029,P03,Losartán potásico 50 mg,COFEPRIS-04-015-A,Modificación a las condiciones del registro sanitario sin cambio de proceso,Modificación,Cambio de proveedor del fármaco,DGP-2025-23424,2025-02-28,2025-05-21,,2025-07-07,Resuelto,Concluido,Aprobado,47,True,30 días hábiles,Acuerdo DOF 13/02/2017,U02,False
TR-2025-030,P11,Trastuzumab 440 mg,COFEPRIS-04-015-A,Modificación a las condiciones del registro sanitario sin cambio de proceso,Modificación,Actualización de la IPP por seguridad,DGP-2025-74150,2025-03-17,2025-05-21,,2025-06-19,Resuelto,Concluido,Aprobado,29,False,30 días hábiles,Acuerdo DOF 13/02/2017,U04,False
TR-2025-031,P06,Clopidogrel 75 mg,COFEPRIS-04-015-A,Modificación a las condiciones del registro sanitario sin cambio de proceso,Modificación,Cambio de material de envase secundario,DGP-2025-89823,2025-03-05,2025-06-02,,2025-07-08,Resuelto,Concluido,Aprobado,36,False,30 días hábiles,Acuerdo DOF 13/02/2017,U04,False
TR-2025-032,P05,Amlodipino 5 mg,COFEPRIS-04-015-A,Modificación a las condiciones del registro sanitario sin cambio de proceso,Modificación,Inclusión de presentación comercial,DGP-2025-80021,2025-04-30,2025-06-11,,2025-07-28,Resuelto,Concluido,Aprobado,47,False,30 días hábiles,Acuerdo DOF 13/02/2017,U02,False
TR-2025-033,P05,Amlodipino 5 mg,COFEPRIS-04-004-B,Registro sanitario de medicamento alopático genérico (fabricación nacional),Registro nuevo,Registro Amlodipino 2.5 mg,DGP-2025-71658,2025-04-18,2025-06-16,,2025-10-20,Resuelto,Concluido,Aprobado,126,False,180 días naturales,RIS art. 166-I,U02,False
TR-2025-034,P03,Losartán potásico 50 mg,COFEPRIS-04-016-A,Modificación a las condiciones del registro sanitario con cambio de proceso,Modificación,Cambio de tamaño de lote,DGP-2025-64467,2025-05-18,2025-06-20,,2025-08-19,Resuelto,Concluido,Desechado,60,True,45 días hábiles,Acuerdo DOF 13/02/2017,U03,False
TR-2025-035,P11,Trastuzumab 440 mg,COFEPRIS-04-016-A,Modificación a las condiciones del registro sanitario con cambio de proceso,Modificación,Cambio en el proceso de granulación,DGP-2025-38972,2025-05-15,2025-06-25,,2025-08-26,Resuelto,Concluido,Aprobado,62,False,45 días hábiles,Acuerdo DOF 13/02/2017,U02,False
TR-2025-036,P01,Metformina 850 mg,COFEPRIS-04-014-A,Modificación por cambio de sitio de fabricación,Modificación,Cambio de sitio de acondicionamiento secundario,DGP-2025-79676,2025-04-02,2025-06-30,,2025-08-18,Resuelto,Concluido,Aprobado,49,False,45 días hábiles,Acuerdo DOF 13/02/2017,U02,False
TR-2025-037,P01,Metformina 850 mg,COFEPRIS-04-015-A,Modificación a las condiciones del registro sanitario sin cambio de proceso,Modificación,Actualización de textos de etiqueta,DGP-2025-78821,2025-05-09,2025-07-01,,2025-08-20,Resuelto,Concluido,Aprobado,50,False,30 días hábiles,Acuerdo DOF 13/02/2017,U02,False
TR-2025-038,P11,Trastuzumab 440 mg,COFEPRIS-04-015-A,Modificación a las condiciones del registro sanitario sin cambio de proceso,Modificación,Cambio de material de envase secundario,DGP-2025-20434,2025-05-20,2025-07-07,,2025-09-01,Resuelto,Concluido,Aprobado,56,True,30 días hábiles,Acuerdo DOF 13/02/2017,U04,False
TR-2025-039,P06,Clopidogrel 75 mg,COFEPRIS-04-015-A,Modificación a las condiciones del registro sanitario sin cambio de proceso,Modificación,Cambio de denominación distintiva,DGP-2025-36764,2025-05-14,2025-07-14,,2025-08-25,Resuelto,Concluido,Aprobado,42,False,30 días hábiles,Acuerdo DOF 13/02/2017,U02,False
TR-2025-040,P03,Losartán potásico 50 mg,COFEPRIS-04-014-A,Modificación por cambio de sitio de fabricación,Modificación,Inclusión de sitio alterno de fabricación,DGP-2025-88571,2025-06-27,2025-07-28,,2025-09-03,Resuelto,Concluido,Aprobado,37,False,45 días hábiles,Acuerdo DOF 13/02/2017,U05,False
TR-2025-041,P04,Omeprazol 20 mg,COFEPRIS-04-015-A,Modificación a las condiciones del registro sanitario sin cambio de proceso,Modificación,Cambio de denominación distintiva,DGP-2025-24932,2025-06-22,2025-07-28,,2025-09-10,Resuelto,Concluido,Aprobado,44,True,30 días hábiles,Acuerdo DOF 13/02/2017,U02,False
TR-2025-042,P02,Atorvastatina 20 mg,COFEPRIS-04-016-A,Modificación a las condiciones del registro sanitario con cambio de proceso,Modificación,Cambio de equipo de compresión de diferente principio de operación,DGP-2025-80852,2025-06-28,2025-07-28,,2025-09-15,Resuelto,Concluido,Aprobado,49,True,45 días hábiles,Acuerdo DOF 13/02/2017,U03,False
TR-2025-043,P05,Amlodipino 5 mg,COFEPRIS-04-015-A,Modificación a las condiciones del registro sanitario sin cambio de proceso,Modificación,Actualización de textos de etiqueta,DGP-2025-61043,2025-06-29,2025-07-29,,2025-09-09,Resuelto,Concluido,Aprobado,42,False,30 días hábiles,Acuerdo DOF 13/02/2017,U02,False
TR-2025-044,P02,Atorvastatina 20 mg,COFEPRIS-04-015-A,Modificación a las condiciones del registro sanitario sin cambio de proceso,Modificación,Actualización de textos de etiqueta,DGP-2025-73085,2025-06-11,2025-08-05,,2025-09-18,Resuelto,Concluido,Negado,44,True,30 días hábiles,Acuerdo DOF 13/02/2017,U02,False
TR-2025-045,P03,Losartán potásico 50 mg,COFEPRIS-04-015-A,Modificación a las condiciones del registro sanitario sin cambio de proceso,Modificación,Actualización de la IPP por seguridad,DGP-2025-82341,2025-06-28,2025-08-18,,2025-09-22,Resuelto,Concluido,Aprobado,35,False,30 días hábiles,Acuerdo DOF 13/02/2017,U04,False
TR-2025-046,P07,Sertralina 50 mg,COFEPRIS-04-014-A,Modificación por cambio de sitio de fabricación,Modificación,Inclusión de sitio alterno de fabricación,DGP-2025-93311,2025-06-26,2025-08-18,,2025-10-20,Resuelto,Concluido,Aprobado,63,True,45 días hábiles,Acuerdo DOF 13/02/2017,U03,False
TR-2025-047,P06,Clopidogrel 75 mg,COFEPRIS-04-016-A,Modificación a las condiciones del registro sanitario con cambio de proceso,Modificación,Cambio de equipo de compresión de diferente principio de operación,DGP-2025-94001,2025-06-22,2025-08-20,,2025-09-29,Resuelto,Concluido,Aprobado,40,False,45 días hábiles,Acuerdo DOF 13/02/2017,U04,False
TR-2025-048,P07,Sertralina 50 mg,COFEPRIS-04-015-A,Modificación a las condiciones del registro sanitario sin cambio de proceso,Modificación,Actualización de textos de etiqueta,DGP-2025-93783,2025-06-23,2025-08-25,,2025-09-30,Resuelto,Concluido,Aprobado,36,False,30 días hábiles,Acuerdo DOF 13/02/2017,U02,False
TR-2025-049,P04,Omeprazol 20 mg,COFEPRIS-04-004-B,Registro sanitario de medicamento alopático genérico (fabricación nacional),Registro nuevo,Registro Omeprazol 10 mg,DGP-2025-50001,2025-06-13,2025-09-01,,2026-01-23,Resuelto,Concluido,Aprobado,144,True,180 días naturales,RIS art. 166-I,U03,False
TR-2025-050,P04,Omeprazol 20 mg,COFEPRIS-04-015-A,Modificación a las condiciones del registro sanitario sin cambio de proceso,Modificación,Cambio de especificaciones del producto terminado,DGP-2025-63693,2025-06-29,2025-09-04,,2025-11-03,Resuelto,Concluido,Negado,60,True,30 días hábiles,Acuerdo DOF 13/02/2017,U05,False
TR-2025-051,P02,Atorvastatina 20 mg,COFEPRIS-04-016-A,Modificación a las condiciones del registro sanitario con cambio de proceso,Modificación,Cambio de tamaño de lote,DGP-2025-78738,2025-06-16,2025-09-11,,2025-10-23,Resuelto,Concluido,Aprobado,42,False,45 días hábiles,Acuerdo DOF 13/02/2017,U05,False
TR-2025-052,P11,Trastuzumab 440 mg,COFEPRIS-04-015-A,Modificación a las condiciones del registro sanitario sin cambio de proceso,Modificación,Inclusión de presentación comercial,DGP-2025-47532,2025-08-09,2025-09-12,,2025-10-20,Resuelto,Concluido,Aprobado,38,True,30 días hábiles,Acuerdo DOF 13/02/2017,U05,False
TR-2025-053,P05,Amlodipino 5 mg,COFEPRIS-04-015-A,Modificación a las condiciones del registro sanitario sin cambio de proceso,Modificación,Actualización de textos de etiqueta,DGP-2025-11607,2025-08-13,2025-09-17,,2025-10-20,Resuelto,Concluido,Aprobado,33,False,30 días hábiles,Acuerdo DOF 13/02/2017,U04,False
TR-2025-054,P05,Amlodipino 5 mg,COFEPRIS-04-015-A,Modificación a las condiciones del registro sanitario sin cambio de proceso,Modificación,Actualización de textos de etiqueta,DGP-2025-61263,2025-07-20,2025-09-22,,2025-10-27,Resuelto,Concluido,Aprobado,35,False,30 días hábiles,Acuerdo DOF 13/02/2017,U04,False
TR-2025-055,P04,Omeprazol 20 mg,COFEPRIS-04-015-A,Modificación a las condiciones del registro sanitario sin cambio de proceso,Modificación,Cambio de proveedor del fármaco,DGP-2025-26450,2025-08-14,2025-09-26,,2025-11-20,Resuelto,Concluido,Aprobado,55,True,30 días hábiles,Acuerdo DOF 13/02/2017,U05,False
TR-2025-056,P03,Losartán potásico 50 mg,COFEPRIS-04-015-A,Modificación a las condiciones del registro sanitario sin cambio de proceso,Modificación,Actualización de la IPP por seguridad,DGP-2025-16586,2025-07-28,2025-09-29,,2025-11-03,Resuelto,Concluido,Aprobado,35,False,30 días hábiles,Acuerdo DOF 13/02/2017,U02,False
TR-2025-057,P03,Losartán potásico 50 mg,COFEPRIS-04-015-A,Modificación a las condiciones del registro sanitario sin cambio de proceso,Modificación,Actualización de la IPP por seguridad,DGP-2025-30900,2025-09-06,2025-10-09,,2025-12-01,Resuelto,Concluido,Aprobado,53,True,30 días hábiles,Acuerdo DOF 13/02/2017,U04,False
TR-2025-058,P07,Sertralina 50 mg,COFEPRIS-04-015-A,Modificación a las condiciones del registro sanitario sin cambio de proceso,Modificación,Actualización de la IPP por seguridad,DGP-2025-89441,2025-08-05,2025-10-15,,2025-11-06,Resuelto,Concluido,Aprobado,22,False,30 días hábiles,Acuerdo DOF 13/02/2017,U05,False
TR-2025-059,P06,Clopidogrel 75 mg,COFEPRIS-04-015-A,Modificación a las condiciones del registro sanitario sin cambio de proceso,Modificación,Inclusión de presentación comercial,DGP-2025-62527,2025-08-16,2025-10-20,,2025-12-01,Resuelto,Concluido,Aprobado,42,False,30 días hábiles,Acuerdo DOF 13/02/2017,U04,False
TR-2025-060,P04,Omeprazol 20 mg,COFEPRIS-04-015-A,Modificación a las condiciones del registro sanitario sin cambio de proceso,Modificación,Cambio de denominación distintiva,DGP-2025-22201,2025-09-19,2025-10-28,,2026-01-02,Resuelto,Concluido,Aprobado,66,True,30 días hábiles,Acuerdo DOF 13/02/2017,U02,False
TR-2025-061,P03,Losartán potásico 50 mg,COFEPRIS-04-016-A,Modificación a las condiciones del registro sanitario con cambio de proceso,Modificación,Cambio de equipo de compresión de diferente principio de operación,DGP-2025-72344,2025-09-09,2025-11-06,,2026-02-10,Resuelto,Concluido,Aprobado,96,True,45 días hábiles,Acuerdo DOF 13/02/2017,U05,False
TR-2025-062,P07,Sertralina 50 mg,COFEPRIS-04-015-A,Modificación a las condiciones del registro sanitario sin cambio de proceso,Modificación,Actualización de la IPP por seguridad,DGP-2025-93852,2025-09-23,2025-11-12,,2026-01-13,Resuelto,Concluido,Aprobado,62,True,30 días hábiles,Acuerdo DOF 13/02/2017,U05,False
TR-2025-063,P06,Clopidogrel 75 mg,COFEPRIS-04-015-A,Modificación a las condiciones del registro sanitario sin cambio de proceso,Modificación,Actualización de textos de etiqueta,DGP-2025-22198,2025-09-03,2025-11-18,,2026-01-02,Resuelto,Concluido,Aprobado,45,False,30 días hábiles,Acuerdo DOF 13/02/2017,U05,False
TR-2025-064,P04,Omeprazol 20 mg,COFEPRIS-04-015-A,Modificación a las condiciones del registro sanitario sin cambio de proceso,Modificación,Cambio de especificaciones del producto terminado,DGP-2025-77666,2025-10-11,2025-12-01,,2026-01-12,Resuelto,Concluido,Aprobado,42,False,30 días hábiles,Acuerdo DOF 13/02/2017,U03,False
TR-2025-065,P06,Clopidogrel 75 mg,COFEPRIS-04-015-A,Modificación a las condiciones del registro sanitario sin cambio de proceso,Modificación,Cambio de proveedor del fármaco,DGP-2025-70155,2025-09-13,2025-12-01,,2026-01-02,Resuelto,Concluido,Aprobado,32,False,30 días hábiles,Acuerdo DOF 13/02/2017,U03,False
TR-2025-066,P11,Trastuzumab 440 mg,COFEPRIS-04-016-A,Modificación a las condiciones del registro sanitario con cambio de proceso,Modificación,Cambio en el proceso de granulación,DGP-2025-95202,2025-09-15,2025-12-03,,2026-03-02,Resuelto,Concluido,Aprobado,89,True,45 días hábiles,Acuerdo DOF 13/02/2017,U03,False
TR-2025-067,P07,Sertralina 50 mg,COFEPRIS-04-015-A,Modificación a las condiciones del registro sanitario sin cambio de proceso,Modificación,Actualización de la IPP por seguridad,DGP-2025-99332,2025-10-11,2025-12-08,,2026-01-12,Resuelto,Concluido,Aprobado,35,False,30 días hábiles,Acuerdo DOF 13/02/2017,U05,False
TR-2026-001,P07,Sertralina 50 mg,COFEPRIS-04-015-A,Modificación a las condiciones del registro sanitario sin cambio de proceso,Modificación,Cambio de proveedor del fármaco,DGP-2026-14046,2025-11-25,2026-01-02,,2026-02-16,Resuelto,Concluido,Aprobado,45,True,30 días hábiles,Acuerdo DOF 13/02/2017,U04,False
TR-2026-002,P03,Losartán potásico 50 mg,COFEPRIS-04-015-A,Modificación a las condiciones del registro sanitario sin cambio de proceso,Modificación,Actualización de la IPP por seguridad,DGP-2026-81973,2025-10-09,2026-01-02,,2026-02-03,Resuelto,Concluido,Aprobado,32,False,30 días hábiles,Acuerdo DOF 13/02/2017,U05,False
TR-2026-003,P03,Losartán potásico 50 mg,COFEPRIS-04-015-A,Modificación a las condiciones del registro sanitario sin cambio de proceso,Modificación,Cambio de especificaciones del producto terminado,DGP-2026-12240,2025-11-12,2026-01-02,,2026-02-09,Resuelto,Concluido,Aprobado,38,False,30 días hábiles,Acuerdo DOF 13/02/2017,U02,False
TR-2026-004,P01,Metformina 850 mg,COFEPRIS-04-015-A,Modificación a las condiciones del registro sanitario sin cambio de proceso,Modificación,Actualización de la IPP por seguridad,DGP-2026-63993,2025-10-12,2026-01-07,,2026-03-17,Resuelto,Concluido,Aprobado,69,True,30 días hábiles,Acuerdo DOF 13/02/2017,U04,False
TR-2026-005,P02,Atorvastatina 20 mg,COFEPRIS-04-015-A,Modificación a las condiciones del registro sanitario sin cambio de proceso,Modificación,Actualización de la IPP por seguridad,DGP-2026-30642,2025-10-30,2026-01-12,,2026-02-26,Resuelto,Concluido,Negado,45,True,30 días hábiles,Acuerdo DOF 13/02/2017,U03,False
TR-2026-006,P03,Losartán potásico 50 mg,COFEPRIS-04-016-A,Modificación a las condiciones del registro sanitario con cambio de proceso,Modificación,Cambio en el proceso de granulación,DGP-2026-62355,2025-10-23,2026-01-14,,2026-03-11,Resuelto,Concluido,Aprobado,56,True,45 días hábiles,Acuerdo DOF 13/02/2017,U02,False
TR-2026-007,P03,Losartán potásico 50 mg,COFEPRIS-04-015-A,Modificación a las condiciones del registro sanitario sin cambio de proceso,Modificación,Cambio de proveedor del fármaco,DGP-2026-48335,2025-12-10,2026-01-16,,2026-02-16,Resuelto,Concluido,Aprobado,31,True,30 días hábiles,Acuerdo DOF 13/02/2017,U04,False
TR-2026-008,P01,Metformina 850 mg,COFEPRIS-04-015-A,Modificación a las condiciones del registro sanitario sin cambio de proceso,Modificación,Cambio de denominación distintiva,DGP-2026-48298,2025-12-22,2026-02-18,,2026-04-09,Resuelto,Concluido,Aprobado,50,True,30 días hábiles,Acuerdo DOF 13/02/2017,U05,False
TR-2026-009,P05,Amlodipino 5 mg,COFEPRIS-04-015-A,Modificación a las condiciones del registro sanitario sin cambio de proceso,Modificación,Cambio de especificaciones del producto terminado,DGP-2026-17999,2026-01-13,2026-02-19,,2026-04-06,Resuelto,Concluido,Aprobado,46,False,30 días hábiles,Acuerdo DOF 13/02/2017,U05,False
TR-2026-010,P04,Omeprazol 20 mg,COFEPRIS-04-015-A,Modificación a las condiciones del registro sanitario sin cambio de proceso,Modificación,Cambio de proveedor del fármaco,DGP-2026-55412,2025-12-21,2026-02-23,,2026-03-27,Resuelto,Concluido,Aprobado,32,True,30 días hábiles,Acuerdo DOF 13/02/2017,U02,False
TR-2026-011,P12,"Tefazurán (ALT-417, ficticio) 40 mg",COFEPRIS-04-004-A,Registro sanitario de medicamento alopático molécula nueva (fabricación nacional),Registro nuevo,Registro sanitario de medicamento alopático molécula nueva (fabricación nacional),,2026-03-02,,2027-01-29,,Reunión técnica con el CMN programada (12/11/2026),Borrador,,,False,180 días naturales,RIS art. 166-III,U04,True
TR-2026-012,P06,Clopidogrel 75 mg,COFEPRIS-04-015-A,Modificación a las condiciones del registro sanitario sin cambio de proceso,Modificación,Cambio de especificaciones del producto terminado,DGP-2026-95134,2026-01-31,2026-03-17,,2026-04-13,Resuelto,Concluido,Aprobado,27,False,30 días hábiles,Acuerdo DOF 13/02/2017,U05,False
TR-2026-013,P04,Omeprazol 20 mg,COFEPRIS-04-015-A,Modificación a las condiciones del registro sanitario sin cambio de proceso,Modificación,Cambio de material de envase secundario,DGP-2026-76612,2026-02-23,2026-04-06,,2026-05-11,Resuelto,Concluido,Aprobado,35,False,30 días hábiles,Acuerdo DOF 13/02/2017,U02,False
TR-2026-014,P11,Trastuzumab 440 mg,COFEPRIS-04-016-A,Modificación a las condiciones del registro sanitario con cambio de proceso,Modificación,Cambio de tamaño de lote,DGP-2026-82635,2026-02-05,2026-04-06,,2026-06-05,Resuelto,Concluido,Aprobado,60,True,45 días hábiles,Acuerdo DOF 13/02/2017,U03,False
TR-2026-015,P05,Amlodipino 5 mg,COFEPRIS-04-015-A,Modificación a las condiciones del registro sanitario sin cambio de proceso,Modificación,Inclusión de presentación comercial,DGP-2026-50061,2026-01-31,2026-04-22,,2026-05-27,Resuelto,Concluido,Aprobado,35,False,30 días hábiles,Acuerdo DOF 13/02/2017,U05,False
TR-2026-016,P06,Clopidogrel 75 mg,COFEPRIS-04-015-A,Modificación a las condiciones del registro sanitario sin cambio de proceso,Modificación,Actualización de la IPP por seguridad,DGP-2026-82744,2026-03-05,2026-04-30,,2026-06-12,Resuelto,Concluido,Aprobado,43,True,30 días hábiles,Acuerdo DOF 13/02/2017,U04,False
TR-2026-017,P08,Rosuvastatina 10 mg,COFEPRIS-04-004-B,Registro sanitario de medicamento alopático genérico (fabricación nacional),Registro nuevo,Registro sanitario de medicamento alopático genérico (fabricación nacional),DGP-2026-45037,2026-03-01,2026-05-20,,,Prevención – respuesta en preparación,Prevenido,,139,True,180 días naturales,RIS art. 166-I,U04,True
TR-2026-018,P05,Amlodipino 5 mg,COFEPRIS-04-015-A,Modificación a las condiciones del registro sanitario sin cambio de proceso,Modificación,Inclusión de presentación comercial,DGP-2026-88690,2026-04-13,2026-05-25,,2026-07-13,Resuelto,Concluido,Aprobado,49,True,30 días hábiles,Acuerdo DOF 13/02/2017,U05,False
TR-2026-019,P05,Amlodipino 5 mg,COFEPRIS-04-015-A,Modificación a las condiciones del registro sanitario sin cambio de proceso,Modificación,Actualización de la IPP por seguridad,DGP-2026-91961,2026-03-09,2026-06-01,,2026-06-29,Resuelto,Concluido,Aprobado,28,False,30 días hábiles,Acuerdo DOF 13/02/2017,U03,False
TR-2026-020,P07,Sertralina 50 mg,COFEPRIS-04-015-A,Modificación a las condiciones del registro sanitario sin cambio de proceso,Modificación,Actualización de textos de etiqueta,DGP-2026-12150,2026-03-17,2026-06-05,,2026-08-17,Resuelto,Concluido,Aprobado,73,True,30 días hábiles,Acuerdo DOF 13/02/2017,U03,False
TR-2026-021,P07,Sertralina 50 mg,COFEPRIS-04-015-A,Modificación a las condiciones del registro sanitario sin cambio de proceso,Modificación,Cambio de denominación distintiva,DGP-2026-52671,2026-04-24,2026-06-08,,2026-08-03,Resuelto,Concluido,Aprobado,56,True,30 días hábiles,Acuerdo DOF 13/02/2017,U03,False
TR-2026-022,P03,Losartán potásico 50 mg,COFEPRIS-04-023-A,Prórroga del registro sanitario de medicamento alopático o biotecnológico,Prórroga,Prórroga del registro sanitario de medicamento alopático o biotecnológico,DGP-2026-82123,2026-04-17,2026-06-08,,,Aviso de prevención sin abrir,Aviso recibido,,120,True,120 días naturales,RIS art. 190 Bis 6,U03,True
TR-2026-023,P02,Atorvastatina 20 mg,COFEPRIS-04-015-A,Modificación a las condiciones del registro sanitario sin cambio de proceso,Modificación,Cambio de proveedor del fármaco,DGP-2026-39974,2026-04-01,2026-06-10,,2026-07-28,Resuelto,Concluido,Aprobado,48,False,30 días hábiles,Acuerdo DOF 13/02/2017,U02,False
TR-2026-024,P11,Trastuzumab 440 mg,COFEPRIS-04-014-A,Modificación por cambio de sitio de fabricación,Modificación,Cambio de sitio de acondicionamiento secundario,DGP-2026-53122,2026-05-01,2026-06-11,,2026-08-24,Resuelto,Concluido,Aprobado,74,False,45 días hábiles,Acuerdo DOF 13/02/2017,U04,False
TR-2026-025,P10,Adalimumab 40 mg/0.4 mL,COFEPRIS-04-004-G,Registro sanitario de medicamento biotecnológico biocomparable (fabricación nacional),Registro nuevo,Registro sanitario de medicamento biotecnológico biocomparable (fabricación nacional),DGP-2026-21023,2026-03-27,2026-06-17,,,Prevención – respuesta en preparación,Prevenido,,111,True,180 días naturales,"RIS arts. 166, 177",U02,True
TR-2026-026,P07,Sertralina 50 mg,COFEPRIS-04-015-A,Modificación a las condiciones del registro sanitario sin cambio de proceso,Modificación,Actualización de la IPP por seguridad,DGP-2026-84862,2026-04-07,2026-06-22,,2026-09-17,Resuelto,Concluido,Aprobado,87,True,30 días hábiles,Acuerdo DOF 13/02/2017,U04,False
TR-2026-027,P07,Sertralina 50 mg,COFEPRIS-04-016-A,Modificación a las condiciones del registro sanitario con cambio de proceso,Modificación,Cambio de tamaño de lote,DGP-2026-75601,2026-05-06,2026-06-24,,2026-09-04,Resuelto,Concluido,Aprobado,72,True,45 días hábiles,Acuerdo DOF 13/02/2017,U04,False
TR-2026-028,P01,Metformina 850 mg,COFEPRIS-04-015-A,Modificación a las condiciones del registro sanitario sin cambio de proceso,Modificación,Cambio de denominación distintiva,DGP-2026-77762,2026-03-31,2026-06-26,,2026-08-17,Resuelto,Concluido,Aprobado,52,True,30 días hábiles,Acuerdo DOF 13/02/2017,U05,False
TR-2026-029,P06,Clopidogrel 75 mg,COFEPRIS-04-016-A,Modificación a las condiciones del registro sanitario con cambio de proceso,Modificación,Cambio en el proceso de granulación,DGP-2026-18012,2026-04-30,2026-06-30,,,Respuesta a prevención enviada – en evaluación,En evaluación,,98,True,45 días hábiles,Acuerdo DOF 13/02/2017,U02,True
TR-2026-030,P02,Atorvastatina 20 mg,COFEPRIS-04-015-A,Modificación a las condiciones del registro sanitario sin cambio de proceso,Modificación,Cambio de especificaciones del producto terminado,DGP-2026-57081,2026-05-27,2026-07-07,,2026-08-04,Resuelto,Concluido,Aprobado,28,False,30 días hábiles,Acuerdo DOF 13/02/2017,U02,False
TR-2026-031,P07,Sertralina 50 mg,COFEPRIS-04-015-A,Modificación a las condiciones del registro sanitario sin cambio de proceso,Modificación,Inclusión de presentación comercial,DGP-2026-60149,2026-05-21,2026-07-13,,2026-08-14,Resuelto,Concluido,Aprobado,32,True,30 días hábiles,Acuerdo DOF 13/02/2017,U03,False
TR-2026-032,P09,Sitagliptina 100 mg,COFEPRIS-04-004-B,Registro sanitario de medicamento alopático genérico (fabricación nacional),Registro nuevo,Registro sanitario de medicamento alopático genérico (fabricación nacional),,2026-07-15,,2026-10-30,,Integración del expediente,Borrador,,,False,180 días naturales,RIS art. 166-I,U04,True
TR-2026-033,P02,Atorvastatina 20 mg,COFEPRIS-04-016-A,Modificación a las condiciones del registro sanitario con cambio de proceso,Modificación,Cambio de equipo de compresión de diferente principio de operación,DGP-2026-38921,2026-06-05,2026-07-27,,2026-09-02,Resuelto,Concluido,Aprobado,37,False,45 días hábiles,Acuerdo DOF 13/02/2017,U03,False
TR-2026-034,P11,Trastuzumab 440 mg,COFEPRIS-04-014-A,Modificación por cambio de sitio de fabricación,Modificación,Cambio de sitio de acondicionamiento secundario,DGP-2026-43277,2026-06-19,2026-07-28,,,En evaluación COFEPRIS,En evaluación,,70,False,45 días hábiles,Acuerdo DOF 13/02/2017,U04,True
TR-2026-035,P06,Clopidogrel 75 mg,COFEPRIS-04-015-A,Modificación a las condiciones del registro sanitario sin cambio de proceso,Modificación,Cambio de denominación distintiva,DGP-2026-44401,2026-06-08,2026-07-30,,2026-09-10,Resuelto,Concluido,Desechado,42,True,30 días hábiles,Acuerdo DOF 13/02/2017,U02,False
TR-2026-036,P07,Sertralina 50 mg,COFEPRIS-04-015-A,Modificación a las condiciones del registro sanitario sin cambio de proceso,Modificación,Cambio de material de envase secundario,DGP-2026-11833,2026-06-05,2026-07-31,,2026-09-09,Resuelto,Concluido,Aprobado,40,False,30 días hábiles,Acuerdo DOF 13/02/2017,U04,False
TR-2026-037,P01,Metformina 850 mg,COFEPRIS-04-015-A,Modificación a las condiciones del registro sanitario sin cambio de proceso,Modificación,Cambio de proveedor del fármaco,DGP-2026-26668,2026-05-29,2026-08-20,,,En evaluación COFEPRIS,En evaluación,,47,False,30 días hábiles,Acuerdo DOF 13/02/2017,U05,True
TR-2026-038,P07,Sertralina 50 mg,COFEPRIS-04-015-A,Modificación a las condiciones del registro sanitario sin cambio de proceso,Modificación,Inclusión de presentación comercial,DGP-2026-31061,2026-06-28,2026-09-10,,,En evaluación COFEPRIS,En evaluación,,26,False,30 días hábiles,Acuerdo DOF 13/02/2017,U04,True
TR-2026-039,P02,Atorvastatina 20 mg,COFEPRIS-04-015-A,Modificación a las condiciones del registro sanitario sin cambio de proceso,Modificación,Actualización de textos de etiqueta,,2026-09-14,,2026-11-06,,Integración del expediente,Borrador,,,False,30 días hábiles,Acuerdo DOF 13/02/2017,U02,True
