archivo,clave,titulo,tipo,estatus,fecha_dof,norma_relacionada,idioma,fuente
NOM-059-SSA1-2015.pdf,NOM-059-SSA1-2015,Buenas prácticas de fabricación de medicamentos,NOM,Vigente,2016-02-05,,es,Secretaría de Economía
MOD-NOM-059-SSA1-2015_DOF-2025-03-19.pdf,MOD-NOM-059-SSA1-2015,Modificación de diversos puntos de la NOM-059-SSA1-2015 (Reliance),MODIFICACION,Vigente,2025-03-19,NOM-059-SSA1-2015,es,DOF (página HTML convertida)
NOM-164-SSA1-2015.pdf,NOM-164-SSA1-2015,Buenas prácticas de fabricación de fármacos,NOM,Vigente,2016-02-04,,es,Secretaría de Economía
NOM-072-SSA1-2012.pdf,NOM-072-SSA1-2012,Etiquetado de medicamentos y de remedios herbolarios,NOM,Vigente,2012-11-21,,es,Secretaría de Economía
PROY-NOM-072-SSA1-2025.pdf,PROY-NOM-072-SSA1-2025,Proyecto de NOM de etiquetado de medicamentos (sustituiría a la NOM-072-SSA1-2012),PROY-NOM,Proyecto,2026-01-05,NOM-072-SSA1-2012,es,Secretaría de Economía
NOM-073-SSA1-2015.pdf,NOM-073-SSA1-2015,Estabilidad de fármacos y medicamentos y remedios herbolarios,NOM,Vigente,2016-06-07,,es,Secretaría de Economía
NOM-177-SSA1-2013.pdf,NOM-177-SSA1-2013,Pruebas para demostrar que un medicamento es intercambiable (bioequivalencia),NOM,Vigente,2013-09-20,,es,Secretaría de Economía
PROY-NOM-177-SSA1-2025.pdf,PROY-NOM-177-SSA1-2025,Proyecto de NOM de intercambiabilidad (sustituiría a la NOM-177-SSA1-2013),PROY-NOM,Proyecto,2026-01-05,NOM-177-SSA1-2013,es,Secretaría de Economía
NOM-257-SSA1-2014.pdf,NOM-257-SSA1-2014,En materia de medicamentos biotecnológicos,NOM,Vigente,2014-12-11,,es,Secretaría de Economía
NOM-220-SSA1-2016.pdf,NOM-220-SSA1-2016,Instalación y operación de la farmacovigilancia,NOM,Vigente,2017-07-19,,es,Secretaría de Economía
PROY-NOM-220-SSA1-2024_DOF-2024-07-25.pdf,PROY-NOM-220-SSA1-2024,Proyecto de actualización de la NOM-220 de farmacovigilancia,PROY-NOM,Proyecto,2024-07-25,NOM-220-SSA1-2016,es,DOF (página HTML convertida)
NOM-012-SSA3-2012.pdf,NOM-012-SSA3-2012,Criterios para la ejecución de proyectos de investigación para la salud en seres humanos,NOM,Vigente,2013-01-04,,es,Secretaría de Economía
LEY_GENERAL_DE_SALUD.pdf,LGS,Ley General de Salud,LEY,Vigente,2026-01-15,,es,Cámara de Diputados
REGLAMENTO_INSUMOS_SALUD.pdf,RIS,Reglamento de Insumos para la Salud,REGLAMENTO,Vigente,2026-04-24,,es,gob.mx
REGLAMENTO_INVESTIGACION_SALUD.pdf,RLGSMIS,Reglamento de la LGS en materia de Investigación para la Salud,REGLAMENTO,Vigente,2014-04-02,,es,Cámara de Diputados
ICH_M4_R4.pdf,ICH-M4(R4),Organisation of the Common Technical Document (CTD),GUIA,Vigente,,,en,EMA
ICH_Q1A_R2.pdf,ICH-Q1A(R2),Stability testing of new drug substances and products,GUIA,Vigente,,,en,ICH
