prevencion_id,tramite_id,producto,tipo_tramite,numero_oficio,tipo,estatus,num_observaciones,observaciones_abiertas,tareas,tareas_cerradas,fecha_emision,fecha_apertura,fecha_limite_apertura,fecha_limite_respuesta,fecha_respuesta,plazo_dias_habiles,accion_pendiente,fecha_limite_accion,dias_habiles_restantes,semaforo
PV0001,TR-2023-001,Sertralina 50 mg,Registro sanitario de medicamento alopático genérico (fabricación nacional),CAS/DERS/4489/2023,Técnica,Atendida,4,0,4,4,2023-08-09,2023-08-15,2023-08-16,2023-09-05,2023-09-04,15,Ninguna,,,Cerrada
PV0002,TR-2023-002,Metformina 850 mg,Registro sanitario de medicamento alopático genérico (fabricación nacional),CAS/DEAPE/4980/2023,Técnica,Atendida,7,0,7,7,2023-12-01,2023-12-01,2023-12-08,2024-01-02,2023-12-08,10,Ninguna,,,Cerrada
PV0003,TR-2023-004,Clopidogrel 75 mg,Modificación a las condiciones del registro sanitario sin cambio de proceso,CAS/DEAPE/1993/2023,Técnica,Atendida,3,0,3,3,2023-11-08,2023-11-08,2023-11-15,2023-11-23,2023-11-21,10,Ninguna,,,Cerrada
PV0004,TR-2023-005,Trastuzumab 440 mg,Registro sanitario de medicamento biotecnológico biocomparable (fabricación nacional),CAS/DEAPE/1736/2024,Técnica,Atendida,5,0,5,5,2024-01-02,2024-01-02,2024-01-09,2024-01-16,2024-01-15,10,Ninguna,,,Cerrada
PV0005,TR-2023-007,Atorvastatina 20 mg,Registro sanitario de medicamento alopático genérico (fabricación nacional),CAS/DEAPE/1320/2024,Técnica,Atendida,4,0,4,4,2024-01-02,2024-01-09,2024-01-09,2024-01-23,2024-01-22,10,Ninguna,,,Cerrada
PV0006,TR-2023-008,Amlodipino 5 mg,Modificación por cambio de sitio de fabricación,CAS/DEAPE/8534/2024,Técnica,Atendida,7,0,7,7,2024-01-02,2024-01-08,2024-01-09,2024-01-29,2024-01-24,15,Ninguna,,,Cerrada
PV0007,TR-2024-006,Amlodipino 5 mg,Modificación a las condiciones del registro sanitario sin cambio de proceso,CAS/DEAPE/5658/2024,Técnica,Atendida,3,0,3,3,2024-01-22,2024-01-22,2024-01-29,2024-02-20,2024-02-13,20,Ninguna,,,Cerrada
PV0008,TR-2024-007,Omeprazol 20 mg,Modificación a las condiciones del registro sanitario con cambio de proceso,CAS/DERS/3377/2024,Técnica,Vencida,6,0,6,0,2024-01-19,,2024-01-26,2024-02-20,,15,Ninguna,,,Cerrada
PV0009,TR-2024-008,Losartán potásico 50 mg,Registro sanitario de medicamento alopático genérico (fabricación nacional),CAS/DEAPE/9756/2024,Técnica,Vencida,2,0,2,0,2024-02-22,2024-02-23,2024-02-29,2024-03-15,,15,Ninguna,,,Cerrada
PV0010,TR-2024-009,Losartán potásico 50 mg,Modificación a las condiciones del registro sanitario sin cambio de proceso,CAS/DEAPE/2573/2024,Técnica,Atendida,4,0,4,4,2024-02-19,2024-02-19,2024-02-26,2024-03-04,2024-02-27,10,Ninguna,,,Cerrada
PV0011,TR-2024-010,Amlodipino 5 mg,Registro sanitario de medicamento alopático genérico (fabricación nacional),CAS/DERS/7309/2024,Administrativa,Atendida,7,0,7,7,2024-04-29,2024-04-30,2024-05-07,2024-05-08,2024-05-08,5,Ninguna,,,Cerrada
PV0012,TR-2024-011,Atorvastatina 20 mg,Modificación a las condiciones del registro sanitario sin cambio de proceso,CAS/DEAPE/6376/2024,Técnica,Atendida,5,0,5,5,2024-03-14,2024-03-14,2024-03-22,2024-04-09,2024-04-09,15,Ninguna,,,Cerrada
PV0013,TR-2024-013,Atorvastatina 20 mg,Modificación a las condiciones del registro sanitario sin cambio de proceso,CAS/DERS/7754/2024,Administrativa,Atendida,4,0,4,4,2024-04-08,2024-04-08,2024-04-15,2024-05-07,2024-04-30,20,Ninguna,,,Cerrada
PV0014,TR-2024-014,Sertralina 50 mg,Registro sanitario de medicamento alopático genérico (fabricación nacional),CAS/DEAPE/9509/2024,Administrativa,Atendida,6,0,6,6,2024-06-10,2024-06-12,2024-06-17,2024-07-10,2024-07-08,20,Ninguna,,,Cerrada
PV0015,TR-2024-016,Omeprazol 20 mg,Modificación a las condiciones del registro sanitario sin cambio de proceso,CAS/DERS/3114/2024,Técnica,Atendida,3,0,3,3,2024-05-10,2024-05-13,2024-05-17,2024-06-03,2024-06-03,15,Ninguna,,,Cerrada
PV0016,TR-2024-017,Amlodipino 5 mg,Modificación por cambio de sitio de fabricación,CAS/DEAPE/2533/2024,Administrativa,Atendida,5,0,5,5,2024-05-15,2024-05-16,2024-05-22,2024-06-13,2024-06-06,20,Ninguna,,,Cerrada
PV0017,TR-2024-018,Sertralina 50 mg,Modificación a las condiciones del registro sanitario sin cambio de proceso,CAS/DEAPE/4199/2024,Técnica,Atendida,6,0,6,6,2024-05-20,,2024-05-27,2024-06-04,2024-05-30,5,Ninguna,,,Cerrada
PV0018,TR-2024-020,Omeprazol 20 mg,Registro sanitario de medicamento alopático genérico (fabricación nacional),CAS/DERS/2103/2024,Técnica,Atendida,5,0,5,5,2024-07-29,2024-07-30,2024-08-05,2024-08-13,2024-08-09,10,Ninguna,,,Cerrada
PV0019,TR-2024-021,Clopidogrel 75 mg,Modificación a las condiciones del registro sanitario sin cambio de proceso,CAS/DEAPE/8027/2024,Administrativa,Atendida,5,0,5,5,2024-06-10,2024-06-14,2024-06-17,2024-07-12,2024-07-04,20,Ninguna,,,Cerrada
PV0020,TR-2024-022,Clopidogrel 75 mg,Modificación a las condiciones del registro sanitario sin cambio de proceso,CAS/DEAPE/7471/2024,Técnica,Atendida,5,0,5,5,2024-06-17,2024-06-17,2024-06-24,2024-07-29,2024-07-12,20,Ninguna,,,Cerrada
PV0021,TR-2024-024,Losartán potásico 50 mg,Modificación a las condiciones del registro sanitario sin cambio de proceso,CAS/DEAPE/2330/2024,Administrativa,Atendida,5,0,5,5,2024-08-12,2024-08-13,2024-08-19,2024-09-03,2024-08-26,15,Ninguna,,,Cerrada
PV0022,TR-2024-026,Losartán potásico 50 mg,Modificación a las condiciones del registro sanitario con cambio de proceso,CAS/DERS/5901/2024,Administrativa,Atendida,2,0,2,2,2024-08-16,2024-08-19,2024-08-23,2024-09-02,2024-08-27,10,Ninguna,,,Cerrada
PV0023,TR-2024-027,Clopidogrel 75 mg,Modificación a las condiciones del registro sanitario sin cambio de proceso,CAS/DERS/6945/2024,Administrativa,Atendida,7,0,7,7,2024-08-12,,2024-08-19,2024-09-03,2024-09-03,10,Ninguna,,,Cerrada
PV0024,TR-2024-029,Losartán potásico 50 mg,Modificación a las condiciones del registro sanitario sin cambio de proceso,CAS/DERS/5268/2024,Técnica,Atendida,2,0,2,2,2024-09-09,2024-09-10,2024-09-17,2024-10-03,2024-09-26,15,Ninguna,,,Cerrada
PV0025,TR-2024-031,Clopidogrel 75 mg,Registro sanitario de medicamento alopático genérico (fabricación nacional),CAS/DEAPE/2601/2024,Administrativa,Atendida,4,0,4,4,2024-10-31,2024-10-31,2024-11-07,2024-11-22,2024-11-22,15,Ninguna,,,Cerrada
PV0026,TR-2024-032,Amlodipino 5 mg,Modificación a las condiciones del registro sanitario sin cambio de proceso,CAS/DEAPE/5710/2024,Técnica,Atendida,1,0,1,1,2024-09-19,2024-09-23,2024-09-26,2024-10-08,2024-10-08,10,Ninguna,,,Cerrada
PV0027,TR-2024-033,Losartán potásico 50 mg,Modificación a las condiciones del registro sanitario sin cambio de proceso,CAS/DERS/6638/2024,Técnica,Atendida,5,0,5,5,2024-09-18,2024-09-23,2024-09-25,2024-10-22,2024-10-16,20,Ninguna,,,Cerrada
PV0028,TR-2024-034,Metformina 850 mg,Modificación a las condiciones del registro sanitario sin cambio de proceso,CAS/DEAPE/1477/2024,Administrativa,Atendida,2,0,2,2,2024-09-19,2024-09-19,2024-09-26,2024-10-11,2024-10-07,15,Ninguna,,,Cerrada
PV0029,TR-2024-035,Trastuzumab 440 mg,Modificación a las condiciones del registro sanitario sin cambio de proceso,CAS/DEAPE/6259/2024,Técnica,Atendida,4,0,4,4,2024-10-03,2024-10-08,2024-10-10,2024-10-29,2024-10-22,15,Ninguna,,,Cerrada
PV0030,TR-2024-036,Sertralina 50 mg,Modificación a las condiciones del registro sanitario sin cambio de proceso,CAS/DERS/3788/2024,Técnica,Vencida,4,0,4,0,2024-10-07,2024-10-08,2024-10-14,2024-10-22,,10,Ninguna,,,Cerrada
PV0031,TR-2024-038,Metformina 850 mg,Registro sanitario de medicamento alopático genérico (fabricación nacional),CAS/DEAPE/4338/2025,Administrativa,Atendida,5,0,5,5,2025-01-06,2025-01-07,2025-01-13,2025-01-21,2025-01-21,10,Ninguna,,,Cerrada
PV0032,TR-2024-040,Metformina 850 mg,Modificación a las condiciones del registro sanitario sin cambio de proceso,CAS/DEAPE/3549/2025,Técnica,Atendida,2,0,2,2,2025-01-02,2025-01-06,2025-01-09,2025-01-13,2025-01-07,5,Ninguna,,,Cerrada
PV0033,TR-2024-041,Clopidogrel 75 mg,Modificación a las condiciones del registro sanitario sin cambio de proceso,CAS/DERS/8915/2024,Administrativa,Atendida,7,0,7,7,2024-12-17,2025-01-03,2025-01-08,2025-01-17,2025-01-14,10,Ninguna,,,Cerrada
PV0034,TR-2025-001,Trastuzumab 440 mg,Modificación a las condiciones del registro sanitario con cambio de proceso,CAS/DEAPE/9094/2025,Técnica,Atendida,3,0,3,3,2025-01-13,2025-01-13,2025-01-20,2025-01-27,2025-01-24,10,Ninguna,,,Cerrada
PV0035,TR-2025-003,Metformina 850 mg,Modificación a las condiciones del registro sanitario sin cambio de proceso,CAS/DERS/3713/2025,Técnica,Atendida,6,0,6,6,2025-01-14,2025-01-14,2025-01-21,2025-01-28,2025-01-24,10,Ninguna,,,Cerrada
PV0036,TR-2025-004,Amlodipino 5 mg,Modificación a las condiciones del registro sanitario sin cambio de proceso,CAS/DEAPE/4845/2025,Técnica,Atendida,7,0,7,7,2025-01-20,2025-01-21,2025-01-27,2025-02-19,2025-02-14,20,Ninguna,,,Cerrada
PV0037,TR-2025-005,Metformina 850 mg,Modificación a las condiciones del registro sanitario sin cambio de proceso,CAS/DEAPE/3494/2025,Técnica,Atendida,2,0,2,2,2025-01-20,2025-01-20,2025-01-27,2025-02-18,2025-02-14,20,Ninguna,,,Cerrada
PV0038,TR-2025-006,Rosuvastatina 10 mg,Registro sanitario de medicamento alopático genérico (fabricación nacional),CAS/DERS/7836/2025,Técnica,Vencida,6,0,6,0,2025-03-19,2025-03-20,2025-03-26,2025-04-10,,15,Ninguna,,,Cerrada
PV0039,TR-2025-008,Trastuzumab 440 mg,Modificación a las condiciones del registro sanitario sin cambio de proceso,CAS/DEAPE/1028/2025,Técnica,Atendida,1,0,1,1,2025-01-30,2025-01-30,2025-02-07,2025-02-28,2025-02-21,20,Ninguna,,,Cerrada
PV0040,TR-2025-009,Trastuzumab 440 mg,Modificación a las condiciones del registro sanitario sin cambio de proceso,CAS/DERS/9528/2025,Técnica,Atendida,6,0,6,6,2025-02-06,2025-02-12,2025-02-13,2025-02-26,2025-02-18,10,Ninguna,,,Cerrada
PV0041,TR-2025-010,Omeprazol 20 mg,Modificación a las condiciones del registro sanitario sin cambio de proceso,CAS/DEAPE/3791/2025,Técnica,Atendida,5,0,5,5,2025-02-17,2025-02-19,2025-02-24,2025-03-05,2025-02-25,10,Ninguna,,,Cerrada
PV0042,TR-2025-011,Losartán potásico 50 mg,Modificación a las condiciones del registro sanitario sin cambio de proceso,CAS/DEAPE/2331/2025,Técnica,Atendida,1,0,1,1,2025-02-21,2025-02-21,2025-02-28,2025-03-07,2025-03-05,10,Ninguna,,,Cerrada
PV0043,TR-2025-013,Losartán potásico 50 mg,Modificación por cambio de sitio de fabricación,CAS/DERS/3260/2025,Administrativa,Atendida,4,0,4,4,2025-03-13,2025-03-13,2025-03-21,2025-03-28,2025-03-24,10,Ninguna,,,Cerrada
PV0044,TR-2025-014,Omeprazol 20 mg,Modificación a las condiciones del registro sanitario sin cambio de proceso,CAS/DEAPE/5381/2025,Técnica,Atendida,4,0,4,4,2025-03-10,2025-03-11,2025-03-18,2025-03-26,2025-03-18,10,Ninguna,,,Cerrada
PV0045,TR-2025-015,Atorvastatina 20 mg,Registro sanitario de medicamento alopático genérico (fabricación nacional),CAS/DEAPE/6345/2025,Técnica,Atendida,3,0,3,3,2025-05-07,2025-05-14,2025-05-14,2025-05-28,2025-05-23,10,Ninguna,,,Cerrada
PV0046,TR-2025-019,Omeprazol 20 mg,Modificación a las condiciones del registro sanitario sin cambio de proceso,CAS/DERS/9422/2025,Técnica,Atendida,1,0,1,1,2025-03-27,2025-03-27,2025-04-03,2025-04-28,2025-04-28,20,Ninguna,,,Cerrada
PV0047,TR-2025-020,Amlodipino 5 mg,Prórroga del registro sanitario de medicamento alopático o biotecnológico,CAS/DERS/8066/2025,Administrativa,Atendida,2,0,2,2,2025-04-09,2025-04-10,2025-04-16,2025-05-06,2025-04-28,15,Ninguna,,,Cerrada
PV0048,TR-2025-022,Omeprazol 20 mg,Modificación por cambio de sitio de fabricación,CAS/DEAPE/6571/2025,Administrativa,Atendida,2,0,2,2,2025-04-14,2025-04-21,2025-04-23,2025-05-20,2025-05-20,20,Ninguna,,,Cerrada
PV0049,TR-2025-024,Clopidogrel 75 mg,Modificación a las condiciones del registro sanitario sin cambio de proceso,CAS/DEAPE/3315/2025,Técnica,Atendida,5,0,5,5,2025-05-06,2025-05-06,2025-05-13,2025-05-20,2025-05-19,10,Ninguna,,,Cerrada
PV0050,TR-2025-026,Trastuzumab 440 mg,Modificación a las condiciones del registro sanitario con cambio de proceso,CAS/DEAPE/5866/2025,Técnica,Atendida,5,0,5,5,2025-05-20,2025-05-23,2025-05-27,2025-06-20,2025-06-20,20,Ninguna,,,Cerrada
PV0051,TR-2025-029,Losartán potásico 50 mg,Modificación a las condiciones del registro sanitario sin cambio de proceso,CAS/DERS/4427/2025,Técnica,Atendida,4,0,4,4,2025-05-27,2025-05-28,2025-06-03,2025-06-11,2025-06-06,10,Ninguna,,,Cerrada
PV0052,TR-2025-034,Losartán potásico 50 mg,Modificación a las condiciones del registro sanitario con cambio de proceso,CAS/DEAPE/8009/2025,Técnica,Vencida,3,0,3,0,2025-07-28,2025-08-01,2025-08-04,2025-08-08,,5,Ninguna,,,Cerrada
PV0053,TR-2025-038,Trastuzumab 440 mg,Modificación a las condiciones del registro sanitario sin cambio de proceso,CAS/DERS/6104/2025,Técnica,Atendida,5,0,5,5,2025-07-14,2025-07-14,2025-08-01,2025-08-08,2025-08-04,10,Ninguna,,,Cerrada
PV0054,TR-2025-041,Omeprazol 20 mg,Modificación a las condiciones del registro sanitario sin cambio de proceso,CAS/DERS/7863/2025,Técnica,Atendida,4,0,4,4,2025-08-04,2025-08-05,2025-08-11,2025-08-19,2025-08-15,10,Ninguna,,,Cerrada
PV0055,TR-2025-042,Atorvastatina 20 mg,Modificación a las condiciones del registro sanitario con cambio de proceso,CAS/DERS/9718/2025,Técnica,Atendida,4,0,4,4,2025-08-11,2025-08-13,2025-08-18,2025-08-20,2025-08-15,5,Ninguna,,,Cerrada
PV0056,TR-2025-044,Atorvastatina 20 mg,Modificación a las condiciones del registro sanitario sin cambio de proceso,CAS/DEAPE/8316/2025,Administrativa,Atendida,4,0,4,4,2025-08-18,2025-08-20,2025-08-25,2025-09-03,2025-09-01,10,Ninguna,,,Cerrada
PV0057,TR-2025-046,Sertralina 50 mg,Modificación por cambio de sitio de fabricación,CAS/DEAPE/1188/2025,Administrativa,Atendida,1,0,1,1,2025-08-28,2025-09-01,2025-09-04,2025-09-23,2025-09-18,15,Ninguna,,,Cerrada
PV0058,TR-2025-049,Omeprazol 20 mg,Registro sanitario de medicamento alopático genérico (fabricación nacional),CAS/DEAPE/6900/2025,Técnica,Atendida,4,0,4,4,2025-10-06,,2025-10-13,2025-11-11,2025-11-06,20,Ninguna,,,Cerrada
PV0059,TR-2025-050,Omeprazol 20 mg,Modificación a las condiciones del registro sanitario sin cambio de proceso,CAS/DERS/3832/2025,Administrativa,Atendida,6,0,6,6,2025-09-18,2025-09-24,2025-09-25,2025-10-15,2025-10-07,15,Ninguna,,,Cerrada
PV0060,TR-2025-052,Trastuzumab 440 mg,Modificación a las condiciones del registro sanitario sin cambio de proceso,CAS/DERS/4231/2025,Administrativa,Atendida,3,0,3,3,2025-09-23,2025-09-23,2025-09-30,2025-10-07,2025-09-29,10,Ninguna,,,Cerrada
PV0061,TR-2025-055,Omeprazol 20 mg,Modificación a las condiciones del registro sanitario sin cambio de proceso,CAS/DEAPE/2595/2025,Técnica,Atendida,4,0,4,4,2025-10-03,2025-10-08,2025-10-10,2025-10-29,2025-10-28,15,Ninguna,,,Cerrada
PV0062,TR-2025-057,Losartán potásico 50 mg,Modificación a las condiciones del registro sanitario sin cambio de proceso,CAS/DERS/3195/2025,Técnica,Atendida,3,0,3,3,2025-10-14,2025-10-17,2025-10-21,2025-11-07,2025-11-04,15,Ninguna,,,Cerrada
PV0063,TR-2025-060,Omeprazol 20 mg,Modificación a las condiciones del registro sanitario sin cambio de proceso,CAS/DEAPE/8805/2025,Técnica,Atendida,6,0,6,6,2025-11-07,2025-11-11,2025-11-14,2025-11-19,2025-11-18,5,Ninguna,,,Cerrada
PV0064,TR-2025-061,Losartán potásico 50 mg,Modificación a las condiciones del registro sanitario con cambio de proceso,CAS/DEAPE/8548/2025,Técnica,Atendida,4,0,4,4,2025-11-25,,2025-12-02,2026-01-09,2026-01-08,15,Ninguna,,,Cerrada
PV0065,TR-2025-062,Sertralina 50 mg,Modificación a las condiciones del registro sanitario sin cambio de proceso,CAS/DERS/2352/2025,Técnica,Atendida,3,0,3,3,2025-12-01,2025-12-02,2025-12-08,2025-12-09,2025-12-09,5,Ninguna,,,Cerrada
PV0066,TR-2025-066,Trastuzumab 440 mg,Modificación a las condiciones del registro sanitario con cambio de proceso,CAS/DERS/5798/2026,Técnica,Atendida,6,0,6,6,2026-01-02,2026-01-05,2026-01-09,2026-01-26,2026-01-21,15,Ninguna,,,Cerrada
PV0067,TR-2026-001,Sertralina 50 mg,Modificación a las condiciones del registro sanitario sin cambio de proceso,CAS/DEAPE/3539/2026,Técnica,Atendida,4,0,4,4,2026-01-09,2026-01-09,2026-01-16,2026-01-23,2026-01-19,10,Ninguna,,,Cerrada
PV0068,TR-2026-004,Metformina 850 mg,Modificación a las condiciones del registro sanitario sin cambio de proceso,CAS/DEAPE/1322/2026,Técnica,Atendida,4,0,4,4,2026-01-15,2026-01-15,2026-01-22,2026-02-13,2026-02-12,20,Ninguna,,,Cerrada
PV0069,TR-2026-005,Atorvastatina 20 mg,Modificación a las condiciones del registro sanitario sin cambio de proceso,CAS/DERS/8690/2026,Administrativa,Atendida,3,0,3,3,2026-01-19,2026-01-19,2026-01-26,2026-02-17,2026-02-09,20,Ninguna,,,Cerrada
PV0070,TR-2026-006,Losartán potásico 50 mg,Modificación a las condiciones del registro sanitario con cambio de proceso,CAS/DERS/8630/2026,Técnica,Atendida,5,0,5,5,2026-01-26,2026-01-26,2026-02-03,2026-02-10,2026-02-10,10,Ninguna,,,Cerrada
PV0071,TR-2026-007,Losartán potásico 50 mg,Modificación a las condiciones del registro sanitario sin cambio de proceso,CAS/DERS/7431/2026,Técnica,Atendida,6,0,6,6,2026-01-22,2026-01-23,2026-01-29,2026-02-09,2026-01-29,10,Ninguna,,,Cerrada
PV0072,TR-2026-008,Metformina 850 mg,Modificación a las condiciones del registro sanitario sin cambio de proceso,CAS/DERS/4373/2026,Técnica,Atendida,1,0,1,1,2026-03-02,2026-03-03,2026-03-09,2026-04-01,2026-03-27,20,Ninguna,,,Cerrada
PV0073,TR-2026-010,Omeprazol 20 mg,Modificación a las condiciones del registro sanitario sin cambio de proceso,CAS/DERS/9587/2026,Técnica,Atendida,2,0,2,2,2026-03-05,2026-03-06,2026-03-12,2026-03-13,2026-03-13,5,Ninguna,,,Cerrada
PV0074,TR-2026-014,Trastuzumab 440 mg,Modificación a las condiciones del registro sanitario con cambio de proceso,CAS/DERS/5351/2026,Administrativa,Atendida,1,0,1,1,2026-04-15,2026-04-15,2026-04-22,2026-04-22,2026-04-17,5,Ninguna,,,Cerrada
PV0075,TR-2026-016,Clopidogrel 75 mg,Modificación a las condiciones del registro sanitario sin cambio de proceso,CAS/DEAPE/5342/2026,Técnica,Atendida,7,0,7,7,2026-05-07,2026-05-07,2026-05-14,2026-05-21,2026-05-14,10,Ninguna,,,Cerrada
PV0076,TR-2026-017,Rosuvastatina 10 mg,Registro sanitario de medicamento alopático genérico (fabricación nacional),CAS/DERS/3563/2026,Técnica,Abierta,3,3,3,0,2026-09-30,2026-10-01,2026-10-07,2026-10-15,,10,Responder prevención,2026-10-15,7,Verde
PV0077,TR-2026-018,Amlodipino 5 mg,Modificación a las condiciones del registro sanitario sin cambio de proceso,CAS/DEAPE/1464/2026,Técnica,Atendida,7,0,7,7,2026-06-08,,2026-06-15,2026-06-30,2026-06-25,10,Ninguna,,,Cerrada
PV0078,TR-2026-020,Sertralina 50 mg,Modificación a las condiciones del registro sanitario sin cambio de proceso,CAS/DERS/5879/2026,Técnica,Atendida,1,0,1,1,2026-06-15,2026-06-18,2026-06-22,2026-07-02,2026-07-02,10,Ninguna,,,Cerrada
PV0079,TR-2026-021,Sertralina 50 mg,Modificación a las condiciones del registro sanitario sin cambio de proceso,CAS/DERS/1275/2026,Técnica,Atendida,4,0,4,4,2026-06-22,2026-06-22,2026-06-29,2026-07-06,2026-07-03,10,Ninguna,,,Cerrada
PV0080,TR-2026-022,Losartán potásico 50 mg,Prórroga del registro sanitario de medicamento alopático o biotecnológico,CAS/DERS/4450/2026,Técnica,Sin abrir,2,2,0,0,2026-10-05,,2026-10-12,,,10,Abrir oficio,2026-10-12,4,Amarillo
PV0081,TR-2026-025,Adalimumab 40 mg/0.4 mL,Registro sanitario de medicamento biotecnológico biocomparable (fabricación nacional),CAS/DEAPE/3496/2026,Técnica,Abierta,5,5,5,0,2026-09-28,2026-09-29,2026-10-05,2026-10-20,,15,Responder prevención,2026-10-20,10,Verde
PV0082,TR-2026-026,Sertralina 50 mg,Modificación a las condiciones del registro sanitario sin cambio de proceso,CAS/DERS/8350/2026,Técnica,Atendida,4,0,4,4,2026-06-29,2026-06-30,2026-07-06,2026-08-07,2026-08-05,20,Ninguna,,,Cerrada
PV0083,TR-2026-027,Sertralina 50 mg,Modificación a las condiciones del registro sanitario con cambio de proceso,CAS/DERS/4380/2026,Técnica,Atendida,5,0,5,5,2026-07-27,2026-07-28,2026-08-03,2026-08-18,2026-08-12,15,Ninguna,,,Cerrada
PV0084,TR-2026-028,Metformina 850 mg,Modificación a las condiciones del registro sanitario sin cambio de proceso,CAS/DEAPE/4890/2026,Técnica,Atendida,3,0,3,3,2026-07-06,2026-07-08,2026-07-13,2026-07-27,2026-07-09,5,Ninguna,,,Cerrada
PV0085,TR-2026-029,Clopidogrel 75 mg,Modificación a las condiciones del registro sanitario con cambio de proceso,CAS/DERS/8304/2026,Técnica,Atendida,2,0,2,2,2026-08-24,2026-08-25,2026-08-31,2026-09-23,2026-09-18,20,Ninguna,,,Cerrada
PV0086,TR-2026-031,Sertralina 50 mg,Modificación a las condiciones del registro sanitario sin cambio de proceso,CAS/DEAPE/9191/2026,Técnica,Atendida,3,0,3,3,2026-07-27,2026-07-28,2026-08-03,2026-08-04,2026-07-31,5,Ninguna,,,Cerrada
PV0087,TR-2026-035,Clopidogrel 75 mg,Modificación a las condiciones del registro sanitario sin cambio de proceso,CAS/DERS/9614/2026,Técnica,Vencida,4,0,4,0,2026-08-06,2026-08-06,2026-08-13,2026-08-27,,15,Ninguna,,,Cerrada
